text	DATES	FSBU	NK	FZ	KBK	FORMS	KND	NDFL	NPA	UNCNOWN_NUM	clear_text
18210214010060001160 кбк	[]	[]	[]	[]	['18210214010060001160 кбк']	[]	[]	[]	[]	[]	кбк_номер
форма по кнд 1150057	[]	[]	[]	[]	[]	[]	['кнд 1150057']	[]	[]	[]	форма по кнд_номер
кбк 18210201000013000160	[]	[]	[]	[]	['кбк 18210201000013000160']	[]	[]	[]	[]	[]	кбк_номер
как заполнить форму 1151162	[]	[]	[]	[]	[]	['форму 1151162']	[]	[]	[]	[]	как заполнить форма_номер
зарплата за декабрь 2022 выплаченная в январе 2023 в 6-ндфл	['декабрь 2022', 'январе 2023']	[]	[]	[]	[]	[]	[]	['6-ндфл']	[]	[]	зарплата за дата_время выплаченная в дата_время в ндфл_номер
форма по кнд 1151162	[]	[]	[]	[]	[]	[]	['кнд 1151162']	[]	[]	[]	форма по кнд_номер
пониженные ставки налога на усн в 2023 году по регионам	['2023 г']	[]	[]	[]	[]	[]	[]	[]	[]	[]	пониженные ставки налога на усн в дата_времяоду по регионам
6-ндфл за 2021 год форма 23101012	['2021 г']	[]	[]	[]	[]	['форма 23101012']	[]	['6-ндфл']	[]	[]	ндфл_номер за дата_времяод форма_номер
форма по кнд 1110355	[]	[]	[]	[]	[]	[]	['кнд 1110355']	[]	[]	[]	форма по кнд_номер
налоговые ставки усн по регионам на 2023 год	['2023 г']	[]	[]	[]	[]	[]	[]	[]	[]	[]	налоговые ставки усн по регионам на дата_времяод
размер страхового тарифа в соответствии с классом профессионального 68.1 риска	[]	[]	[]	[]	[]	[]	[]	[]	[]	['68', '1']	размер страхового тарифа в соответствии с классом профессионального цифра.цифра риска
срок сдачи 6-ндфл за 1 квартал 2023	['1 квартал 2023']	[]	[]	[]	[]	[]	[]	['6-ндфл']	[]	[]	срок сдачи ндфл_номер за дата_время
форма 0504402	[]	[]	[]	[]	[]	['форма 0504402']	[]	[]	[]	[]	форма_номер
таблица ставок усн по регионам в 2023 году	['2023 г']	[]	[]	[]	[]	[]	[]	[]	[]	[]	таблица ставок усн по регионам в дата_времяоду
кнд 11501121	[]	[]	[]	[]	[]	[]	['кнд 11501121']	[]	[]	[]	кнд_номер
6-ндфл за 2022 год, если зарплата за декабрь выплачена 10 января 2023	['2022 г', 'января 2023']	[]	[]	[]	[]	[]	[]	['6-ндфл']	[]	['10']	ндфл_номер за дата_времяод, если зарплата за декабрь выплачена цифра дата_время
форма по кнд 1114237	[]	[]	[]	[]	[]	[]	['кнд 1114237']	[]	[]	[]	форма по кнд_номер
07070000000000000410112310	[]	[]	[]	[]	[]	[]	[]	[]	[]	['07070000000000000410112310']	цифра
страховые взнос ип за себя 20232	[]	[]	[]	[]	[]	[]	[]	[]	[]	['20232']	страховые взнос ип за себя цифра
фсбу 14/22	[]	['фсбу 14/22']	[]	[]	[]	[]	[]	[]	[]	[]	фсбу_номер
ст. 271 нк рф	[]	[]	['ст. 271 нк']	[]	[]	[]	[]	[]	[]	[]	нк_статья рф
как заполнить 6-ндфл за 2022 год если зарплата декабря 2022 выдана в январе 2023	['2022 г', 'декабря 2022', 'январе 2023']	[]	[]	[]	[]	[]	[]	['6-ндфл']	[]	[]	как заполнить ндфл_номер за дата_времяод если зарплата дата_время выдана в дата_время
п. 3 ст. 169 нк рф	[]	[]	['п. 3 ст. 169 нк']	[]	[]	[]	[]	[]	[]	[]	нк_статья рф
величина прожиточный минимум по субъектам рф на 2021 год	['2021 г']	[]	[]	[]	[]	[]	[]	[]	[]	[]	величина прожиточный минимум по субъектам рф на дата_времяод
справка 2-ндфл в 2023 году	['2023 г']	[]	[]	[]	[]	[]	[]	['2-ндфл']	[]	[]	справка ндфл_номер в дата_времяоду
аренда земельного участка 2023	[]	[]	[]	[]	[]	[]	[]	[]	[]	['2023']	аренда земельного участка цифра
усн налоги ставки 2023	[]	[]	[]	[]	[]	[]	[]	[]	[]	['2023']	усн налоги ставки цифра
6-ндфл 1 квартал 2023	['1 квартал 2023']	[]	[]	[]	[]	[]	[]	['6-ндфл']	[]	[]	ндфл_номер дата_время
6-ндфл за 1 кв 2023	['1 кв 2023']	[]	[]	[]	[]	[]	[]	['6-ндфл']	[]	[]	ндфл_номер за дата_время
ст. 7 нк рф; п. 3 ст. 310 нк рф	[]	[]	['ст. 7 нк рф; п. 3 ст. 310 нк']	[]	[]	[]	[]	[]	[]	[]	нк_статья рф
ст. 346.18 нк рф	[]	[]	['ст. 346.18 нк']	[]	[]	[]	[]	[]	[]	[]	нк_статья рф
как заполнить форму 1-кфх	[]	[]	[]	[]	[]	['форму 1']	[]	[]	[]	[]	как заполнить форма_номер-кфх
ст 430 нк рф	[]	[]	['ст 430 нк']	[]	[]	[]	[]	[]	[]	[]	нк_статья рф
порядок заполнения форма 4-тэр	[]	[]	[]	[]	[]	['форма 4']	[]	[]	[]	[]	порядок заполнения форма_номер-тэр
п. 4 ст. 170 нк рф	[]	[]	['п. 4 ст. 170 нк']	[]	[]	[]	[]	[]	[]	[]	нк_статья рф
форма № р38001 как заполнить	[]	[]	[]	[]	[]	[]	[]	[]	[]	['38001']	форма № рцифра как заполнить
счет 68042 закрытие	[]	[]	[]	[]	[]	[]	[]	[]	[]	['68042']	счет цифра закрытие
прожиточный минимум по субъектам рф на 2020 год	['2020 г']	[]	[]	[]	[]	[]	[]	[]	[]	[]	прожиточный минимум по субъектам рф на дата_времяод
ст. 105.7, п. 1 ст. 279 нк рф)	[]	[]	['ст. 105.7, п. 1 ст. 279 нк']	[]	[]	[]	[]	[]	[]	[]	нк_статья рф)
ст. 105.7, п. 1 ст. 279 нк рф	[]	[]	['ст. 105.7, п. 1 ст. 279 нк']	[]	[]	[]	[]	[]	[]	[]	нк_статья рф
окоф 330.28.23.23	[]	[]	[]	[]	[]	[]	[]	[]	[]	['330', '28', '23', '23']	окоф цифра.цифра.цифра.цифра
окоф330.28.23.23	[]	[]	[]	[]	[]	[]	[]	[]	[]	['330', '28', '23', '23']	окофцифра.цифра.цифра.цифра
ст. 346.12 нк рф	[]	[]	['ст. 346.12 нк']	[]	[]	[]	[]	[]	[]	[]	нк_статья рф
п. 3 ст. 217 нк рф	[]	[]	['п. 3 ст. 217 нк']	[]	[]	[]	[]	[]	[]	[]	нк_статья рф
как заполнить форму 38001	[]	[]	[]	[]	[]	['форму 38001']	[]	[]	[]	[]	как заполнить форма_номер
срок уплаты авансовых платежей налога на имущество в 2020	[]	[]	[]	[]	[]	[]	[]	[]	[]	['2020']	срок уплаты авансовых платежей налога на имущество в цифра
согласие на обработку персональных данных в 2023	[]	[]	[]	[]	[]	[]	[]	[]	[]	['2023']	согласие на обработку персональных данных в цифра
ставки усн в 2023	[]	[]	[]	[]	[]	[]	[]	[]	[]	['2023']	ставки усн в цифра
можно ли уволить сотрудника за 1 прогул	[]	[]	[]	[]	[]	[]	[]	[]	[]	['1']	можно ли уволить сотрудника за цифра прогул
п. 3 ст. 310 нк рф	[]	[]	['п. 3 ст. 310 нк']	[]	[]	[]	[]	[]	[]	[]	нк_статья рф
47.73 оквэд 2	[]	[]	[]	[]	[]	[]	[]	[]	[]	['47', '73', '2']	цифра.цифра оквэд цифра
пп. 1 п. 4 ст. 271 нк рф	[]	[]	['пп. 1 п. 4 ст. 271 нк']	[]	[]	[]	[]	[]	[]	[]	нк_статья рф
ст. 66,1 тк	[]	[]	[]	[]	[]	[]	[]	[]	[]	['66', '1']	ст. цифра,цифра тк
ефс-1 подраздел 1.2, 2 с 2023 года	['2023 г']	[]	[]	[]	[]	[]	[]	[]	[]	['1', '1', '2', '2']	ефс-цифра подраздел цифра.цифра, цифра с дата_времяода
пп.2 п. 1 ст. 220 нк рф	[]	[]	['пп.2 п. 1 ст. 220 нк']	[]	[]	[]	[]	[]	[]	[]	нк_статья рф
код выполняемой функции 8332,6	[]	[]	[]	[]	[]	[]	[]	[]	[]	['8332', '6']	код выполняемой функции цифра,цифра
форма 0504082	[]	[]	[]	[]	[]	['форма 0504082']	[]	[]	[]	[]	форма_номер
подтверждение оквэд в 2023	[]	[]	[]	[]	[]	[]	[]	[]	[]	['2023']	подтверждение оквэд в цифра
подтверждение оквэд 2023	[]	[]	[]	[]	[]	[]	[]	[]	[]	['2023']	подтверждение оквэд цифра
кнд 1165180	[]	[]	[]	[]	[]	[]	['кнд 1165180']	[]	[]	[]	кнд_номер
типовая форма м-11	[]	[]	[]	[]	[]	[]	[]	[]	[]	['11']	типовая форма м-цифра
заполнение декларации усн 15	[]	[]	[]	[]	[]	[]	[]	[]	[]	['15']	заполнение декларации усн цифра
рсв за 1 квартал 2023	['1 квартал 2023']	[]	[]	[]	[]	[]	[]	[]	[]	[]	рсв за дата_время
строка 140-143 усн	[]	[]	[]	[]	[]	[]	[]	[]	['140-143']	[]	строка нпа_номер усн
как заполнить строку 031 в 6-ндфл	[]	[]	[]	[]	[]	[]	[]	['6-ндфл']	[]	['031']	как заполнить строку цифра в ндфл_номер
пп 21.5 п. 1 ст 251 нк рф	[]	[]	['пп 21.5 п. 1 ст 251 нк']	[]	[]	[]	[]	[]	[]	[]	нк_статья рф
абз. 10 п. 3 ст. 217 нк рф	[]	[]	['п. 3 ст. 217 нк']	[]	[]	[]	[]	[]	[]	['10']	абз. цифра нк_статья рф
форма по кнд 1112021	[]	[]	[]	[]	[]	[]	['кнд 1112021']	[]	[]	[]	форма по кнд_номер
пп 19.12п.1 ст 265 нк рф	[]	[]	['ст 265 нк']	[]	[]	[]	[]	[]	[]	['19', '12', '1']	пп цифра.цифрап.цифра нк_статья рф
пособие до 1,5 лет в 2023	[]	[]	[]	[]	[]	[]	[]	[]	[]	['1', '5', '2023']	пособие до цифра,цифра лет в цифра
170 нк рф	[]	[]	[]	[]	[]	[]	[]	[]	[]	['170']	цифра нк рф
2-ндфл 2023 срок сдачи	[]	[]	[]	[]	[]	[]	[]	['2-ндфл']	[]	['2023']	ндфл_номер цифра срок сдачи
учет в арендодателя по 25/2008 фсбу	[]	['25/2008 фсбу']	[]	[]	[]	[]	[]	[]	[]	[]	учет в арендодателя по фсбу_номер
115-фз статья 6	[]	[]	[]	['115-фз']	[]	[]	[]	[]	[]	['6']	фз_номер статья цифра
постановлению правительства российской федерации от 12 марта 2022 г. n 353	['марта 2022']	[]	[]	[]	[]	[]	[]	[]	[]	['12', '353']	постановлению правительства российской федерации от цифра дата_время г. n цифра
пп. 1 п. 4.1 ст. 170 нк рф	[]	[]	['пп. 1 п. 4.1 ст. 170 нк']	[]	[]	[]	[]	[]	[]	[]	нк_статья рф
типовая форма мх-18	[]	[]	[]	[]	[]	[]	[]	[]	[]	['18']	типовая форма мх-цифра
федеральный закон от 21.11.2022 № 439-фз	['21.11.2022']	[]	[]	['439-фз']	[]	[]	[]	[]	[]	[]	федеральный закон от дата_время № фз_номер
27-2 сзв-стаж	[]	[]	[]	[]	[]	[]	[]	[]	['27-2']	[]	нпа_номер сзв-стаж
статья 346.13 нк рф	[]	[]	[]	[]	[]	[]	[]	[]	[]	['346', '13']	статья цифра.цифра нк рф
190 строка 6-ндфл	[]	[]	[]	[]	[]	[]	[]	['6-ндфл']	[]	['190']	цифра строка ндфл_номер
списание основных средств 2023 при усн	[]	[]	[]	[]	[]	[]	[]	[]	[]	['2023']	списание основных средств цифра при усн
3-ндфл кадастровая стоимость 70%	[]	[]	[]	[]	[]	[]	[]	['3-ндфл']	[]	['70']	ндфл_номер кадастровая стоимость цифра%
статья 346.21 нк рф	[]	[]	[]	[]	[]	[]	[]	[]	[]	['346', '21']	статья цифра.цифра нк рф
порядок заполнения 2-ндфл в 2023 году	['2023 г']	[]	[]	[]	[]	[]	[]	['2-ндфл']	[]	[]	порядок заполнения ндфл_номер в дата_времяоду
декларация 6-ндфл за 1 кв-л 2023	['1 кв-л 2023']	[]	[]	[]	[]	[]	[]	['6-ндфл']	[]	[]	декларация ндфл_номер за дата_время
видеоинструкция как заполнить декларацию усн 15	[]	[]	[]	[]	[]	[]	[]	[]	[]	['15']	видеоинструкция как заполнить декларацию усн цифра
6-ндфл в 4кв 2022 при выплате зарплаты за декабрь в январе 2023	['4кв 2022', 'январе 2023']	[]	[]	[]	[]	[]	[]	['6-ндфл']	[]	[]	ндфл_номер в дата_время при выплате зарплаты за декабрь в дата_время
п. 2 ст 219 нк	[]	[]	['п. 2 ст 219 нк']	[]	[]	[]	[]	[]	[]	[]	нк_статья
отсрочка по страховым взносам в 2024 году	['2024 г']	[]	[]	[]	[]	[]	[]	[]	[]	[]	отсрочка по страховым взносам в дата_времяоду
заполнение формы кнд 1151162	[]	[]	[]	[]	[]	[]	['кнд 1151162']	[]	[]	[]	заполнение формы кнд_номер
подраздела 1.2 подраздела 1 и подраздела 3 раздела 1 формы ефс-1;	[]	[]	[]	[]	[]	['1 формы']	[]	[]	[]	['1', '2', '1', '3', '1']	подраздела цифра.цифра подраздела цифра и подраздела цифра раздела форма_номер ефс-цифра;
суммы фиксированных взносов для ип за 2018 год	['2018 г']	[]	[]	[]	[]	[]	[]	[]	[]	[]	суммы фиксированных взносов для ип за дата_времяод
заполнение 6-ндфл 3 квартал 2022 года инструкция и пример строка 160	['3 квартал 2022']	[]	[]	[]	[]	[]	[]	['6-ндфл']	[]	['160']	заполнение ндфл_номер дата_время года инструкция и пример строка цифра
пп.4 п. 1 ст. 218 тк	[]	[]	[]	[]	[]	[]	[]	[]	[]	['4', '1', '218']	пп.цифра п. цифра ст. цифра тк
окз 5131	[]	[]	[]	[]	[]	[]	[]	[]	[]	['5131']	окз цифра
1057 гк	['1057 г']	[]	[]	[]	[]	[]	[]	[]	[]	[]	дата_времяк
ст. 217 нк	[]	[]	['ст. 217 нк']	[]	[]	[]	[]	[]	[]	[]	нк_статья
ст 272 тк	[]	[]	[]	[]	[]	[]	[]	[]	[]	['272']	ст цифра тк
счет 68.04.2 закрытие	[]	[]	[]	[]	[]	[]	[]	[]	[]	['68', '04', '2']	счет цифра.цифра.цифра закрытие
6-ндфл 2023 строка 110 как заполнить	[]	[]	[]	[]	[]	[]	[]	['6-ндфл']	[]	['2023', '110']	ндфл_номер цифра строка цифра как заполнить
код по окфс 12,13, 14 в ефс-1	[]	[]	[]	[]	[]	[]	[]	[]	[]	['12', '13', '14', '1']	код по окфс цифра,цифра, цифра в ефс-цифра
строка 140-143 переплата в декларации по усн	[]	[]	[]	[]	[]	[]	[]	[]	['140-143']	[]	строка нпа_номер переплата в декларации по усн
инн 9729025867	[]	[]	[]	[]	[]	[]	[]	[]	[]	['9729025867']	инн цифра
п 1 ст 252 нк	[]	[]	['п 1 ст 252 нк']	[]	[]	[]	[]	[]	[]	[]	нк_статья
раздел 3,2,1 в новой форме рсв	[]	[]	[]	[]	[]	[]	[]	[]	[]	['3', '2', '1']	раздел цифра,цифра,цифра в новой форме рсв
заполнение строки 080 в 6-ндфл в 2020	[]	[]	[]	[]	[]	[]	[]	['6-ндфл']	[]	['080', '2020']	заполнение строки цифра в ндфл_номер в цифра
заполнение 6-ндфл 3 квартал 2023 года инструкция и пример строка 160	['3 квартал 2023']	[]	[]	[]	[]	[]	[]	['6-ндфл']	[]	['160']	заполнение ндфл_номер дата_время года инструкция и пример строка цифра
страховые взносы 2023 ставка в ит сфере	[]	[]	[]	[]	[]	[]	[]	[]	[]	['2023']	страховые взносы цифра ставка в ит сфере
аванс за декабрь 20222 года 6-ндфл	['декабрь 2022']	[]	[]	[]	[]	[]	[]	['6-ндфл']	[]	['2']	аванс за дата_времяцифра года ндфл_номер
фз №154-фз от 28.08.1995	['28.08.1995']	[]	[]	['фз №154']	[]	[]	[]	[]	[]	[]	фз_номер-фз от дата_время
39-ф форма	[]	[]	[]	[]	[]	[]	[]	[]	[]	['39']	цифра-ф форма
как сдавать в пфр отчет сзв-тд(16/64695)	[]	[]	[]	[]	[]	[]	[]	[]	['16/64695']	[]	как сдавать в пфр отчет сзв-тд(нпа_номер)
заполнение 6-ндфл за 2022 год при оплате в 2023 году	['2022 г', '2023 г']	[]	[]	[]	[]	[]	[]	['6-ндфл']	[]	[]	заполнение ндфл_номер за дата_времяод при оплате в дата_времяоду
кбк 11821160516001000000 какой налог	[]	[]	[]	[]	['кбк 11821160516001000000']	[]	[]	[]	[]	[]	кбк_номер какой налог
79710212000061000160	[]	[]	[]	[]	[]	[]	[]	[]	[]	['79710212000061000160']	цифра
заявление о переходе на электронную трудовую книжку трудовой книжке по статье 66.1	[]	[]	[]	[]	[]	[]	[]	[]	[]	['66', '1']	заявление о переходе на электронную трудовую книжку трудовой книжке по статье цифра.цифра
575 гк	[]	[]	[]	[]	[]	[]	[]	[]	[]	['575']	цифра гк
п. 2, 5 ч. 1 ст. 6 закона от 27.07.2006 № 152-фз, абз. 1, 2 разъяснений роскомнадзора от 14.12.2012	['27.07.2006', '14.12.2012']	[]	[]	['152-фз']	[]	[]	[]	[]	[]	['2', '5', '1', '6', '1', '2']	п. цифра, цифра ч. цифра ст. цифра закона от дата_время № фз_номер, абз. цифра, цифра разъяснений роскомнадзора от дата_время
пп.2 п. 1 ст. 220	[]	[]	[]	[]	[]	[]	[]	[]	[]	['2', '1', '220']	пп.цифра п. цифра ст. цифра
2-ндфл для сотрудника за 2021 год выдаем в 2023	['2021 г']	[]	[]	[]	[]	[]	[]	['2-ндфл']	[]	['2023']	ндфл_номер для сотрудника за дата_времяод выдаем в цифра
п 20.2 пбу	[]	[]	[]	[]	[]	[]	[]	[]	[]	['20', '2']	п цифра.цифра пбу
173-фз от 10.12.2003 п. 1 ч. 1 ст. 19	['10.12.2003']	[]	[]	['173-фз']	[]	[]	[]	[]	[]	['1', '1', '19']	фз_номер от дата_время п. цифра ч. цифра ст. цифра
п. 4 ст. 226 нк	[]	[]	['п. 4 ст. 226 нк']	[]	[]	[]	[]	[]	[]	[]	нк_статья
пп 1 п 2. ст. 149 нк	[]	[]	['пп 1 п 2. ст. 149 нк']	[]	[]	[]	[]	[]	[]	[]	нк_статья
2-ндфл 2023 с зарплаты декабря 2022	['декабря 2022']	[]	[]	[]	[]	[]	[]	['2-ндфл']	[]	['2023']	ндфл_номер цифра с зарплаты дата_время
ст. 30 п. 2п.6 ч 1	[]	[]	[]	[]	[]	[]	[]	[]	[]	['30', '2', '6', '1']	ст. цифра п. цифрап.цифра ч цифра
статья 324.1 налогового кодекса (	[]	[]	[]	[]	[]	[]	[]	[]	[]	['324', '1']	статья цифра.цифра налогового кодекса (
подпункт 5 п 1 ст 346,46	[]	[]	[]	[]	[]	[]	[]	[]	[]	['5', '1', '346', '46']	подпункт цифра п цифра ст цифра,цифра
нк 145.1	[]	[]	[]	[]	[]	[]	[]	[]	[]	['145', '1']	нк цифра.цифра
фз400 ст. 32 п. 6 ч 1	[]	[]	[]	['фз400']	[]	[]	[]	[]	[]	['32', '6', '1']	фз_номер ст. цифра п. цифра ч цифра
проверки за ккт с 2023 года	['2023 г']	[]	[]	[]	[]	[]	[]	[]	[]	[]	проверки за ккт с дата_времяода
проводки 77 84 фсбу восстановление амортизации фсбу 6/2020	[]	['фсбу 6/2020']	[]	[]	[]	[]	[]	[]	[]	['77', '84']	проводки цифра цифра фсбу восстановление амортизации фсбу_номер
рсв как заполнить за 1 кв 2023	['1 кв 2023']	[]	[]	[]	[]	[]	[]	[]	[]	[]	рсв как заполнить за дата_время
ифнс заявление по форме кнд 1165180	[]	[]	[]	[]	[]	[]	['кнд 1165180']	[]	[]	[]	ифнс заявление по форме кнд_номер
куда платить взносы на травматизм с 01.01.2023 платежка	['01.01.2023']	[]	[]	[]	[]	[]	[]	[]	[]	[]	куда платить взносы на травматизм с дата_время платежка
реквизиты для оплаты обязательных страховых взносов ип за 2022 в 2023	[]	[]	[]	[]	[]	[]	[]	[]	[]	['2022', '2023']	реквизиты для оплаты обязательных страховых взносов ип за цифра в цифра
постановление правительства рф от 08.02.2002 № 92	['08.02.2002']	[]	[]	[]	[]	[]	[]	[]	[]	['92']	постановление правительства рф от дата_время № цифра
форма 5-з инструкция по заполнению	[]	[]	[]	[]	[]	['форма 5']	[]	[]	[]	[]	форма_номер-з инструкция по заполнению
код по окфс 12/13/14	[]	[]	[]	[]	[]	[]	[]	[]	['12/13/14']	[]	код по окфс нпа_номер
ст. 32 п. 6 ч 1	[]	[]	[]	[]	[]	[]	[]	[]	[]	['32', '6', '1']	ст. цифра п. цифра ч цифра
пп 7 п 7.1 пбу 1	[]	[]	[]	[]	[]	[]	[]	[]	[]	['7', '7', '1', '1']	пп цифра п цифра.цифра пбу цифра
подп. 10 п. 2 ст. 149 нк	[]	[]	['п. 2 ст. 149 нк']	[]	[]	[]	[]	[]	[]	['10']	подп. цифра нк_статья
заявление по форме кнд 1165180	[]	[]	[]	[]	[]	[]	['кнд 1165180']	[]	[]	[]	заявление по форме кнд_номер
приказ № 771	[]	[]	[]	[]	[]	[]	[]	[]	[]	['771']	приказ № цифра
производственный календарь на 2019	[]	[]	[]	[]	[]	[]	[]	[]	[]	['2019']	производственный календарь на цифра
списание основного средства по фсбу 6/2020на 31 декабря 2021 года	['декабря 2021']	['фсбу 6/2020']	[]	[]	[]	[]	[]	[]	[]	['31']	списание основного средства по фсбу_номерна цифра дата_время года
как в справках 2-ндфл отразить декабрьскую зарплату выплаченную в январе 2023	['январе 2023']	[]	[]	[]	[]	[]	[]	['2-ндфл']	[]	[]	как в справках ндфл_номер отразить декабрьскую зарплату выплаченную в дата_время
514 гк	[]	[]	[]	[]	[]	[]	[]	[]	[]	['514']	цифра гк
письмо фнс от 31.01.2023	['31.01.2023']	[]	[]	[]	[]	[]	[]	[]	[]	[]	письмо фнс от дата_время
код ошибки в рсв 2.07	[]	[]	[]	[]	[]	[]	[]	[]	[]	['2', '07']	код ошибки в рсв цифра.цифра
бухбаланс расшифровка строки 4500	[]	[]	[]	[]	[]	[]	[]	[]	[]	['4500']	бухбаланс расшифровка строки цифра
м-19 списание материалов	[]	[]	[]	[]	[]	[]	[]	[]	[]	['19']	м-цифра списание материалов
пункт 16 статьи 270 налогового кодекса	[]	[]	[]	[]	[]	[]	[]	[]	[]	['16', '270']	пункт цифра статьи цифра налогового кодекса
18210214010060001160	[]	[]	[]	[]	[]	[]	[]	[]	[]	['18210214010060001160']	цифра
статья 346.21 пункт 3.1 нк рф	[]	[]	[]	[]	[]	[]	[]	[]	[]	['346', '21', '3', '1']	статья цифра.цифра пункт цифра.цифра нк рф
постановление правительства от 15.05.2020 № 683	['15.05.2020']	[]	[]	[]	[]	[]	[]	[]	[]	['683']	постановление правительства от дата_время № цифра
форма т-61	[]	[]	[]	[]	[]	[]	[]	[]	[]	['61']	форма т-цифра
письмо минтруд от 20.01.2023 № 14-6/оот-296	['20.01.2023']	[]	[]	[]	[]	[]	[]	[]	['14-6']	['296']	письмо минтруд от дата_время № нпа_номер/оот-цифра
проводки 77 84 фсбу восстановление амортизации фсбу 6/2020 разница	[]	['фсбу 6/2020']	[]	[]	[]	[]	[]	[]	[]	['77', '84']	проводки цифра цифра фсбу восстановление амортизации фсбу_номер разница
код 2013 2-ндфл	[]	[]	[]	[]	[]	[]	[]	['2-ндфл']	[]	['2013']	код цифра ндфл_номер
как правильно заполнить подраздел 1.2 налоговой декларации по налогу на прибыль за 9 месяцев 2022 года	['2022 г']	[]	[]	[]	[]	[]	[]	[]	[]	['1', '2', '9']	как правильно заполнить подраздел цифра.цифра налоговой декларации по налогу на прибыль за цифра месяцев дата_времяода
ст. 217 нк мобили за	[]	[]	['ст. 217 нк']	[]	[]	[]	[]	[]	[]	[]	нк_статья мобили за
согласие на обработку персональных данных в 2-23г	[]	[]	[]	[]	[]	[]	[]	[]	['2-23']	[]	согласие на обработку персональных данных в нпа_номерг
2-ндфл указывать ли декабрьскую зарплату выплаченную в январе 2023	['январе 2023']	[]	[]	[]	[]	[]	[]	['2-ндфл']	[]	[]	ндфл_номер указывать ли декабрьскую зарплату выплаченную в дата_время
строка 020 и строка 160 формы 6-ндфл	[]	[]	[]	[]	[]	['160 формы']	[]	['6-ндфл']	[]	['020']	строка цифра и строка форма_номер ндфл_номер
закон 59-фз	[]	[]	[]	['59-фз']	[]	[]	[]	[]	[]	[]	закон фз_номер
письмо фнс от 31.01.2023 сд-4-3/1023@	['31.01.2023']	[]	[]	[]	[]	[]	[]	[]	['4-3/1023']	[]	письмо фнс от дата_время сд-нпа_номер@
трудовой кодекс статья 66.1	[]	[]	[]	[]	[]	[]	[]	[]	[]	['66', '1']	трудовой кодекс статья цифра.цифра
мрот 200	[]	[]	[]	[]	[]	[]	[]	[]	[]	['200']	мрот цифра
как учитывается в 2-ндфл доход за декабрь 2022 если он выплачен в январе 2023	['декабрь 2022', 'январе 2023']	[]	[]	[]	[]	[]	[]	['2-ндфл']	[]	[]	как учитывается в ндфл_номер доход за дата_время если он выплачен в дата_время
штатное расписание на 0.5 ставки	[]	[]	[]	[]	[]	[]	[]	[]	[]	['0', '5']	штатное расписание на цифра.цифра ставки
письмо фнс от 14.01.2021 № бс-4-11/148	['14.01.2021']	[]	[]	[]	[]	[]	[]	[]	['4-11/148']	[]	письмо фнс от дата_время № бс-нпа_номер
подпункт 21.5 пункт 1 статьи 251 налогового кодекса	[]	[]	[]	[]	[]	[]	[]	[]	[]	['21', '5', '1', '251']	подпункт цифра.цифра пункт цифра статьи цифра налогового кодекса
строка 1260 ндс	[]	[]	[]	[]	[]	[]	[]	[]	[]	['1260']	строка цифра ндс
письмо фнс от 19.01.2023 № бс-4-11/517@	['19.01.2023']	[]	[]	[]	[]	[]	[]	[]	['4-11/517']	[]	письмо фнс от дата_время № бс-нпа_номер@
219 нк	[]	[]	[]	[]	[]	[]	[]	[]	[]	['219']	цифра нк
фсбу 25/2018 счет 01 и 76	[]	['фсбу 25/2018']	[]	[]	[]	[]	[]	[]	[]	['01', '76']	фсбу_номер счет цифра и цифра
как заполнить заявление на зачет взносов по форме 1150057 для уменьшения патента	[]	[]	[]	[]	[]	['форме 1150057']	[]	[]	[]	[]	как заполнить заявление на зачет взносов по форма_номер для уменьшения патента
информационное сообщение минфина россии № ис-учет-29 от 03.11.2020	['03.11.2020']	[]	[]	[]	[]	[]	[]	[]	[]	['29']	информационное сообщение минфина россии № ис-учет-цифра от дата_время
стандартные вычеты на детей в 2023 году, если первый ребенок старше 23 лет	['2023 г']	[]	[]	[]	[]	[]	[]	[]	[]	['23']	стандартные вычеты на детей в дата_времяоду, если первый ребенок старше цифра лет
дсв-3 в 2023	[]	[]	[]	[]	[]	[]	[]	[]	[]	['3', '2023']	дсв-цифра в цифра
367 гк	[]	[]	[]	[]	[]	[]	[]	[]	[]	['367']	цифра гк
поставить на учет подразделение с-09-3-1	[]	[]	[]	[]	[]	[]	[]	[]	['09-3-1']	[]	поставить на учет подразделение с-нпа_номер
6-ндфл 1 квартал 2023 стандартные вычеты	['1 квартал 2023']	[]	[]	[]	[]	[]	[]	['6-ндфл']	[]	[]	ндфл_номер дата_время стандартные вычеты
приказ от 15 апреля 2021 № 61н	['апреля 2021']	[]	[]	[]	[]	[]	[]	[]	[]	['15', '61']	приказ от цифра дата_время № цифран
норма списания бензина на уаз 31514	[]	[]	[]	[]	[]	[]	[]	[]	[]	['31514']	норма списания бензина на уаз цифра
уточненка ндс за 2022 в 2023	[]	[]	[]	[]	[]	[]	[]	[]	[]	['2022', '2023']	уточненка ндс за цифра в цифра
форма 0510431	[]	[]	[]	[]	[]	['форма 0510431']	[]	[]	[]	[]	форма_номер
как в бухгалтерском учете и в 6-ндфл отражается зарплата с 2023	[]	[]	[]	[]	[]	[]	[]	['6-ндфл']	[]	['2023']	как в бухгалтерском учете и в ндфл_номер отражается зарплата с цифра
отчет о движении денежных потоков расшифровка строки 4500	[]	[]	[]	[]	[]	[]	[]	[]	[]	['4500']	отчет о движении денежных потоков расшифровка строки цифра
134/118 код вычета	[]	[]	[]	[]	[]	[]	[]	[]	['134/118']	[]	нпа_номер код вычета
строка 134 усн на упрощенцев ханты-мансийск	[]	[]	[]	[]	[]	[]	[]	[]	[]	['134']	строка цифра усн на упрощенцев ханты-мансийск
как списать основные средства не отвечающие критерию 100000 при переходе на фсбу 6	[]	[]	[]	[]	[]	[]	[]	[]	[]	['100000', '6']	как списать основные средства не отвечающие критерию цифра при переходе на фсбу цифра
больничный 2023 по уходу за ребенком инвалидом сколько дней	[]	[]	[]	[]	[]	[]	[]	[]	[]	['2023']	больничный цифра по уходу за ребенком инвалидом сколько дней
расшифровка строки 5551	[]	[]	[]	[]	[]	[]	[]	[]	[]	['5551']	расшифровка строки цифра
срок оплаты пенсионного фонда за 2022 год 1% ип	['2022 г']	[]	[]	[]	[]	[]	[]	[]	[]	['1']	срок оплаты пенсионного фонда за дата_времяод цифра% ип
можно ли в 2023 году учесть взносы по ип уплаченные за 2022 с опозданием	['2023 г']	[]	[]	[]	[]	[]	[]	[]	[]	['2022']	можно ли в дата_времяоду учесть взносы по ип уплаченные за цифра с опозданием
письмо фнс от 01.04.2022 № еа-4-15/3971@	['01.04.2022']	[]	[]	[]	[]	[]	[]	[]	['4-15/3971']	[]	письмо фнс от дата_время № еа-нпа_номер@
как указать в декларации за 9 месяцев ежемесячные платежи по налогу на прибыль в 1 квартале и в 4 квартале	[]	[]	[]	[]	[]	[]	[]	[]	[]	['9', '1', '4']	как указать в декларации за цифра месяцев ежемесячные платежи по налогу на прибыль в цифра квартале и в цифра квартале
приказ № 107н	[]	[]	[]	[]	[]	[]	[]	[]	[]	['107']	приказ № цифран
рсв за январь до 25.02.2023	['25.02.2023']	[]	[]	[]	[]	[]	[]	[]	[]	[]	рсв за январь до дата_время
ндс иностранное лицо налоговый агент 2023	[]	[]	[]	[]	[]	[]	[]	[]	[]	['2023']	ндс иностранное лицо налоговый агент цифра
инв-1 пример заполнения	[]	[]	[]	[]	[]	[]	[]	[]	[]	['1']	инв-цифра пример заполнения
заявление о трудовой книжке по статье 66.1	[]	[]	[]	[]	[]	[]	[]	[]	[]	['66', '1']	заявление о трудовой книжке по статье цифра.цифра
больничный 2023 по уходу за ребенком инвалидом	[]	[]	[]	[]	[]	[]	[]	[]	[]	['2023']	больничный цифра по уходу за ребенком инвалидом
распоряжение правительства российской федерации от 12 октября 2019 n 2406-р	['октября 2019']	[]	[]	[]	[]	[]	[]	[]	[]	['12', '2406']	распоряжение правительства российской федерации от цифра дата_время n цифра-р
расчет стандартных вычетов на последующих детей в 2023 году, если первый ребенок старше 23 лет	['2023 г']	[]	[]	[]	[]	[]	[]	[]	[]	['23']	расчет стандартных вычетов на последующих детей в дата_времяоду, если первый ребенок старше цифра лет
ефс-1 за январь до 25.02.2023	['25.02.2023']	[]	[]	[]	[]	[]	[]	[]	[]	['1']	ефс-цифра за январь до дата_время
образец заполнения заявления по кнд 1150057	[]	[]	[]	[]	[]	[]	['кнд 1150057']	[]	[]	[]	образец заполнения заявления по кнд_номер
проводки 77 84 фсбу восстановление амортизации фсбу 6/2020 разница налогового учета	[]	['фсбу 6/2020']	[]	[]	[]	[]	[]	[]	[]	['77', '84']	проводки цифра цифра фсбу восстановление амортизации фсбу_номер разница налогового учета
в налоговом учете поставщика затраты на доставку товара покупателю признают в составе расходов, связанных с производством и реализацией (пп. 1 п. 1 ст. 253, ст. 320 нк рф).	[]	[]	['пп. 1 п. 1 ст. 253, ст. 320 нк']	[]	[]	[]	[]	[]	[]	[]	в налоговом учете поставщика затраты на доставку товара покупателю признают в составе расходов, связанных с производством и реализацией (нк_статья рф).
3-ндфл сумма дохода кадастровая стоимость 70%	[]	[]	[]	[]	[]	[]	[]	['3-ндфл']	[]	['70']	ндфл_номер сумма дохода кадастровая стоимость цифра%
рекомендации р-54/2014-кпр	[]	[]	[]	[]	[]	[]	[]	[]	['54/2014']	[]	рекомендации р-нпа_номер-кпр
письмо фнс россии от 11.01.2023 № зг-3-11/125@	['11.01.2023']	[]	[]	[]	[]	[]	[]	[]	['3-11/125']	[]	письмо фнс россии от дата_время № зг-нпа_номер@
постановление правительства от 29.04.2022 № 776 на 2023 год	['29.04.2022', '2023 г']	[]	[]	[]	[]	[]	[]	[]	[]	['776']	постановление правительства от дата_время № цифра на дата_времяод
письмо фнс россии от 01.04.2022 № еа-4-15/3971@	['01.04.2022']	[]	[]	[]	[]	[]	[]	[]	['4-15/3971']	[]	письмо фнс россии от дата_время № еа-нпа_номер@
с 11.02.2023 меняются кбк	['11.02.2023']	[]	[]	[]	[]	[]	[]	[]	[]	[]	с дата_время меняются кбк
приказ № 66н	[]	[]	[]	[]	[]	[]	[]	[]	[]	['66']	приказ № цифран
166-фз	[]	[]	[]	['166-фз']	[]	[]	[]	[]	[]	[]	фз_номер
срок уплаты ндфл с выплаты прочих доходов (4800)	[]	[]	[]	[]	[]	[]	[]	[]	[]	['4800']	срок уплаты ндфл с выплаты прочих доходов (цифра)
2 части 1 статьи 17.2 федерального закона от 06.04.2011 № 63-фз	['06.04.2011']	[]	[]	['63-фз']	[]	[]	[]	[]	[]	['2', '1', '17', '2']	цифра части цифра статьи цифра.цифра федерального закона от дата_время № фз_номер
критерий для признания стоимости и сроков полезного использования отдельных частей объекта основных средств существенно отличающимися (п. 10 фсбу 6/2020).	[]	['фсбу 6/2020']	[]	[]	[]	[]	[]	[]	[]	['10']	критерий для признания стоимости и сроков полезного использования отдельных частей объекта основных средств существенно отличающимися (п. цифра фсбу_номер).
что нужно указать в отчете ефс-1 в подразделе сведения о трудовой (иной) деятельности в столбце 5 и 7 по договорам гпх?	[]	[]	[]	[]	[]	[]	[]	[]	[]	['1', '5', '7']	что нужно указать в отчете ефс-цифра в подразделе сведения о трудовой (иной) деятельности в столбце цифра и цифра по договорам гпх?
№ 275н	[]	[]	[]	[]	[]	[]	[]	[]	[]	['275']	№ цифран
гост р 7.0.8-2013.	[]	[]	[]	[]	[]	[]	[]	[]	['8-2013']	['7', '0']	гост р цифра.цифра.нпа_номер.
какой отчет надо сдавать до 15 февраля 2023 года	['февраля 2023']	[]	[]	[]	[]	[]	[]	[]	[]	['15']	какой отчет надо сдавать до цифра дата_время года
3-ндфл продажа земли авто вычеты 250000 1000000	[]	[]	[]	[]	[]	[]	[]	['3-ндфл']	[]	['250000', '1000000']	ндфл_номер продажа земли авто вычеты цифра цифра
стоимостный лимит признания активов объектами ос (п. 5 фсбу 6/2020)  100 тыс. руб	[]	['фсбу 6/2020']	[]	[]	[]	[]	[]	[]	[]	['5', '100']	стоимостный лимит признания активов объектами ос (п. цифра фсбу_номер)  цифра тыс. руб
заполнение декларации по налогу на имущество раздел 2.1 строка 050	[]	[]	[]	[]	[]	[]	[]	[]	[]	['2', '1', '050']	заполнение декларации по налогу на имущество раздел цифра.цифра строка цифра
выплата по статье 279 тк	[]	[]	[]	[]	[]	[]	[]	[]	[]	['279']	выплата по статье цифра тк
ефс-1 за январь до 27 февраля 2023 сзв-м	['февраля 2023']	[]	[]	[]	[]	[]	[]	[]	[]	['1', '27']	ефс-цифра за январь до цифра дата_время сзв-м
и закон краснодарского края от 28 ноября 2019 года № 4170-кз об инвестиционном налоговом вычете по налогу на прибыль организаций	['ноября 2019']	[]	[]	[]	[]	[]	[]	[]	[]	['28', '4170']	и закон краснодарского края от цифра дата_время года № цифра-кз об инвестиционном налоговом вычете по налогу на прибыль организаций
44 счет в декларации по налогу на прибыль	[]	[]	[]	[]	[]	[]	[]	[]	[]	['44']	цифра счет в декларации по налогу на прибыль
федерального закона от 06.04.2011 № 63-фз	['06.04.2011']	[]	[]	['63-фз']	[]	[]	[]	[]	[]	[]	федерального закона от дата_время № фз_номер
как посчитать под расчет при увольнении п. 2 ч. 1 ст. 278	[]	[]	[]	[]	[]	[]	[]	[]	[]	['2', '1', '278']	как посчитать под расчет при увольнении п. цифра ч. цифра ст. цифра
как заполнить лицевой счет т-54	[]	[]	[]	[]	[]	[]	[]	[]	[]	['54']	как заполнить лицевой счет т-цифра
инструкция цб рф от 30 мая 2014 № 153-и	[]	[]	[]	[]	[]	[]	[]	[]	[]	['30', '2014', '153']	инструкция цб рф от цифра мая цифра № цифра-и
п. 16 ст. 270налогового кодекса	[]	[]	[]	[]	[]	[]	[]	[]	[]	['16', '270']	п. цифра ст. цифраналогового кодекса
как в бухгалтерии 1с 7.7 перейти на енп	[]	[]	[]	[]	[]	[]	[]	[]	[]	['1', '7', '7']	как в бухгалтерии цифрас цифра.цифра перейти на енп
3-ндфл сумма дохода кадастровая стоимость 0,7	[]	[]	[]	[]	[]	[]	[]	['3-ндфл']	[]	['0', '7']	ндфл_номер сумма дохода кадастровая стоимость цифра,цифра
форме 26.2-7	[]	[]	[]	[]	[]	['форме 26']	[]	[]	['2-7']	[]	форма_номер.нпа_номер
форма 26.2-7	[]	[]	[]	[]	[]	['форма 26']	[]	[]	['2-7']	[]	форма_номер.нпа_номер
увязка формы 3 с балансом 2023	[]	[]	[]	[]	[]	['формы 3']	[]	[]	[]	['2023']	увязка форма_номер с балансом цифра
проводки 77 84 фсбу	[]	[]	[]	[]	[]	[]	[]	[]	[]	['77', '84']	проводки цифра цифра фсбу
налог на имущество : 28 января 2022 года предприятие продало облагаемый объект недвижимости , за какой период начисляется налог на имущество	['января 2022']	[]	[]	[]	[]	[]	[]	[]	[]	['28']	налог на имущество : цифра дата_время года предприятие продало облагаемый объект недвижимости , за какой период начисляется налог на имущество
доход по зарплате работодатель признал доходом декабря 2022 , а налог уплатил до 30 января 2023	['декабря 2022', 'января 2023']	[]	[]	[]	[]	[]	[]	[]	[]	['30']	доход по зарплате работодатель признал доходом дата_время , а налог уплатил до цифра дата_время
гост 21.201-2011	[]	[]	[]	[]	[]	[]	[]	[]	['201-2011']	['21']	гост цифра.нпа_номер
с 08 отправить на 84 счет фсбу	[]	[]	[]	[]	[]	[]	[]	[]	[]	['08', '84']	с цифра отправить на цифра счет фсбу
срок сдачи декларации и уплата упрощенца на 6%	[]	[]	[]	[]	[]	[]	[]	[]	[]	['6']	срок сдачи декларации и уплата упрощенца на цифра%
приказ № 209н	[]	[]	[]	[]	[]	[]	[]	[]	[]	['209']	приказ № цифран
поправки в перечень кбк с 08.01.2023	['08.01.2023']	[]	[]	[]	[]	[]	[]	[]	[]	[]	поправки в перечень кбк с дата_время
образец заполнения заявления по крд1150057	[]	[]	[]	[]	[]	[]	[]	[]	[]	['1150057']	образец заполнения заявления по крдцифра
кнд 1151054. налоговая декларация по налогу на добычу полезных ископаемых	[]	[]	[]	[]	[]	[]	['кнд 1151054']	[]	[]	[]	кнд_номер. налоговая декларация по налогу на добычу полезных ископаемых
отчет ефс-1 гр.10	[]	[]	[]	[]	[]	[]	[]	[]	[]	['1', '10']	отчет ефс-цифра гр.цифра
поставить на учет подразделение с-09-3-1 срок	[]	[]	[]	[]	[]	[]	[]	[]	['09-3-1']	[]	поставить на учет подразделение с-нпа_номер срок
п-2 в росстат	[]	[]	[]	[]	[]	[]	[]	[]	[]	['2']	п-цифра в росстат
возврат денежных средств покупателю 2023	[]	[]	[]	[]	[]	[]	[]	[]	[]	['2023']	возврат денежных средств покупателю цифра
баланс в какой строке учитывать ндс 76.07..9	[]	[]	[]	[]	[]	[]	[]	[]	[]	['76', '07', '9']	баланс в какой строке учитывать ндс цифра.цифра..цифра
постановление правительства рф от 8 августа 2009 654	['августа 2009']	[]	[]	[]	[]	[]	[]	[]	[]	['8', '654']	постановление правительства рф от цифра дата_время цифра
5 дней с даты отправки квитанции о приеме требования	[]	[]	[]	[]	[]	[]	[]	[]	[]	['5']	цифра дней с даты отправки квитанции о приеме требования
приложение n 2 к письму фнс россии от 29.08.2022 № аб-4-19/11332	['29.08.2022']	[]	[]	[]	[]	[]	[]	[]	['4-19/11332']	['2']	приложение n цифра к письму фнс россии от дата_время № аб-нпа_номер
федеральный закон от 12.01.1995 n 5-фз  о ветеранах	['12.01.1995']	[]	[]	['5-фз']	[]	[]	[]	[]	[]	[]	федеральный закон от дата_время n фз_номер  о ветеранах
изменения в платежках с 11 февраля 2023	['февраля 2023']	[]	[]	[]	[]	[]	[]	[]	[]	['11']	изменения в платежках с цифра дата_время
пример уведомления тс-1 от организации - плательщика торгового сбора	[]	[]	[]	[]	[]	[]	[]	[]	[]	['1']	пример уведомления тс-цифра от организации - плательщика торгового сбора
порядок, утвержденным приказом мсх рф от 01.10.2021 № 687	['01.10.2021']	[]	[]	[]	[]	[]	[]	[]	[]	['687']	порядок, утвержденным приказом мсх рф от дата_время № цифра
постановление правительства от 12.02.2020 г. № 137	['12.02.2020']	[]	[]	[]	[]	[]	[]	[]	[]	['137']	постановление правительства от дата_время г. № цифра
постановление правительства рф от 10 февраля 2018 n 146 об утверждении правил предоставления субсидий из федерального бюджета российским производителям на компенсацию части затрат	['февраля 2018']	[]	[]	[]	[]	[]	[]	[]	[]	['10', '146']	постановление правительства рф от цифра дата_время n цифра об утверждении правил предоставления субсидий из федерального бюджета российским производителям на компенсацию части затрат
надо ли указывать в персонифицированных сведениях о физических лицах в строке 070 зарплату за декабрь 2022 , выплаченную в январе 2023	['декабрь 2022', 'январе 2023']	[]	[]	[]	[]	[]	[]	[]	[]	['070']	надо ли указывать в персонифицированных сведениях о физических лицах в строке цифра зарплату за дата_время , выплаченную в дата_время
приказ минкомсвязи рф от 03.11.2011 n 298	['03.11.2011']	[]	[]	[]	[]	[]	[]	[]	[]	['298']	приказ минкомсвязи рф от дата_время n цифра
статья 346.19 и пункт 7 статьи 346.21 нк	[]	[]	[]	[]	[]	[]	[]	[]	[]	['346', '19', '7', '346', '21']	статья цифра.цифра и пункт цифра статьи цифра.цифра нк
280 налогового кодекса	[]	[]	[]	[]	[]	[]	[]	[]	[]	['280']	цифра налогового кодекса
проверка соотношения строки 6240 отчета о целевом использовании средств с отчетом о финансовых результатах	[]	[]	[]	[]	[]	[]	[]	[]	[]	['6240']	проверка соотношения строки цифра отчета о целевом использовании средств с отчетом о финансовых результатах
что обозначает код дети в графе 7 подраздела 1.2 формы ефс-1?	[]	[]	[]	[]	[]	['2 формы']	[]	[]	[]	['7', '1', '1']	что обозначает код дети в графе цифра подраздела цифра.форма_номер ефс-цифра?
министерство экономического развития российской федерации федеральная служба государственной статистики приказ от 29 июля 2022 n 532	['июля 2022']	[]	[]	[]	[]	[]	[]	[]	[]	['29', '532']	министерство экономического развития российской федерации федеральная служба государственной статистики приказ от цифра дата_время n цифра
как подать уведомление в ифнс при уплате ндфл за 2ю половину января и 1-ю половину февраля 2023	['февраля 2023']	[]	[]	[]	[]	[]	[]	[]	[]	['2', '1']	как подать уведомление в ифнс при уплате ндфл за цифраю половину января и цифра-ю половину дата_время
ндфл в программе камин 5.0 удержание за первую половину месяца	[]	[]	[]	[]	[]	[]	[]	[]	[]	['5', '0']	ндфл в программе камин цифра.цифра удержание за первую половину месяца
лизинг ос в 2019	[]	[]	[]	[]	[]	[]	[]	[]	[]	['2019']	лизинг ос в цифра
97.11 план счетов налоговый учет	[]	[]	[]	[]	[]	[]	[]	[]	[]	['97', '11']	цифра.цифра план счетов налоговый учет
в упд указывать код страны 643 для ндс	[]	[]	[]	[]	[]	[]	[]	[]	[]	['643']	в упд указывать код страны цифра для ндс
как заполнить 0601016 приказ № 533 от 29.07.2022 форма мп микро сведения об основных показателях деятельности микропредприятия за 2022 раздела 4	['29.07.2022']	[]	[]	[]	[]	[]	[]	[]	[]	['0601016', '533', '2022', '4']	как заполнить цифра приказ № цифра от дата_время форма мп микро сведения об основных показателях деятельности микропредприятия за цифра раздела цифра
пример кнд 1151054. налоговая декларация по налогу на добычу полезных ископаемых	[]	[]	[]	[]	[]	[]	['кнд 1151054']	[]	[]	[]	пример кнд_номер. налоговая декларация по налогу на добычу полезных ископаемых
кадастр отходов если 0.15тонн то можно не сдавать отчет	[]	[]	[]	[]	[]	[]	[]	[]	[]	['0', '15']	кадастр отходов если цифра.цифратонн то можно не сдавать отчет
постановление № 2239 от 07.12.2022	['07.12.2022']	[]	[]	[]	[]	[]	[]	[]	[]	['2239']	постановление № цифра от дата_время
если территориально отдаленные объекты недвижимости располагаются в разных регионах россии, налог уплачивайте по ставке, установленной в данном субъекте рф (ст. 385 нк рф).	[]	[]	['ст. 385 нк']	[]	[]	[]	[]	[]	[]	[]	если территориально отдаленные объекты недвижимости располагаются в разных регионах россии, налог уплачивайте по ставке, установленной в данном субъекте рф (нк_статья рф).
справка 2-ндфл за январь 2023 выплата окончат.расчета 10.02.2023 как выглядит	['январь 2023', '10.02.2023']	[]	[]	[]	[]	[]	[]	['2-ндфл']	[]	[]	справка ндфл_номер за дата_время выплата окончат.расчета дата_время как выглядит
т-61 обязательная форма	[]	[]	[]	[]	[]	[]	[]	[]	[]	['61']	т-цифра обязательная форма
статья 2 закона n 582-зо	[]	[]	[]	[]	[]	[]	[]	[]	[]	['2', '582']	статья цифра закона n цифра-зо
гост р 70360-2022. метрополитены. верификация закупленной продукции	[]	[]	[]	[]	[]	[]	[]	[]	['70360-2022']	[]	гост р нпа_номер. метрополитены. верификация закупленной продукции
инвентаризация 71 счета	[]	[]	[]	[]	[]	[]	[]	[]	[]	['71']	инвентаризация цифра счета
рекомендации бмц р-54/2014-кпр	[]	[]	[]	[]	[]	[]	[]	[]	['54/2014']	[]	рекомендации бмц р-нпа_номер-кпр
с 08 отправить на 84 счет переход на фсбу	[]	[]	[]	[]	[]	[]	[]	[]	[]	['08', '84']	с цифра отправить на цифра счет переход на фсбу
если ос оприходовано на счет 08, но не введено в эксплуатацию, нужно ли формировать проводку дт86 кт83	[]	[]	[]	[]	[]	[]	[]	[]	[]	['08', '86', '83']	если ос оприходовано на счет цифра, но не введено в эксплуатацию, нужно ли формировать проводку дтцифра ктцифра
код по окфс 12,13, 14	[]	[]	[]	[]	[]	[]	[]	[]	[]	['12', '13', '14']	код по окфс цифра,цифра, цифра
указ президента рф от 25.07.2006 n 765 о единовременном поощрении лиц, проходящих (проходивших) федеральную государственную службу перечень видов заработной платы и иного дохода, из которых	['25.07.2006']	[]	[]	[]	[]	[]	[]	[]	[]	['765']	указ президента рф от дата_время n цифра о единовременном поощрении лиц, проходящих (проходивших) федеральную государственную службу перечень видов заработной платы и иного дохода, из которых
как отразить ндфл по декабрьской зар.плате выплаченной 30.12.2022	['30.12.2022']	[]	[]	[]	[]	[]	[]	[]	[]	[]	как отразить ндфл по декабрьской зар.плате выплаченной дата_время
№ 278н	[]	[]	[]	[]	[]	[]	[]	[]	[]	['278']	№ цифран
бухгалтерский счет 68.04.2 закрытие	[]	[]	[]	[]	[]	[]	[]	[]	[]	['68', '04', '2']	бухгалтерский счет цифра.цифра.цифра закрытие
1-транспорт кто сдает	[]	[]	[]	[]	[]	[]	[]	[]	[]	['1']	цифра-транспорт кто сдает
можно ли в упд указывать код страны 643 для ндс	[]	[]	[]	[]	[]	[]	[]	[]	[]	['643']	можно ли в упд указывать код страны цифра для ндс
как оплачивать страховые взносы в 203	[]	[]	[]	[]	[]	[]	[]	[]	[]	['203']	как оплачивать страховые взносы в цифра
учет ндфл в программе камин 5.0 удержание за первую половину месяца	[]	[]	[]	[]	[]	[]	[]	[]	[]	['5', '0']	учет ндфл в программе камин цифра.цифра удержание за первую половину месяца
постановление № 2529 от 30.12.2022	['30.12.2022']	[]	[]	[]	[]	[]	[]	[]	[]	['2529']	постановление № цифра от дата_время
строка5574	[]	[]	[]	[]	[]	[]	[]	[]	[]	['5574']	строкацифра
строка 5574	[]	[]	[]	[]	[]	[]	[]	[]	[]	['5574']	строка цифра
приказа минфина россии от 6 декабря 2010 № 162н	['декабря 2010']	[]	[]	[]	[]	[]	[]	[]	[]	['6', '162']	приказа минфина россии от цифра дата_время № цифран
2-ндфл за 22г. если зп за декабрь выплачена в январе 23г.	[]	[]	[]	[]	[]	[]	[]	['2-ндфл']	[]	['22', '23']	ндфл_номер за цифраг. если зп за декабрь выплачена в январе цифраг.
182 1 02 01010 01 1000 160 что это	[]	[]	[]	[]	[]	[]	[]	[]	[]	['182', '1', '02', '01010', '01', '1000', '160']	цифра цифра цифра цифра цифра цифра цифра что это
постановление от 17 января 2023 года № 28	['января 2023']	[]	[]	[]	[]	[]	[]	[]	[]	['17', '28']	постановление от цифра дата_время года № цифра
в какой момент нужно формировать проводку дт86 кт83	[]	[]	[]	[]	[]	[]	[]	[]	[]	['86', '83']	в какой момент нужно формировать проводку дтцифра ктцифра
письмо минфина № 03-03-06/1/67181	[]	[]	[]	[]	[]	[]	[]	[]	['03-03-06/1/67181']	[]	письмо минфина № нпа_номер
как заполнить график работы сотрудников при шестидневной рабочей недели 1/2	[]	[]	[]	[]	[]	[]	[]	[]	['1/2']	[]	как заполнить график работы сотрудников при шестидневной рабочей недели нпа_номер
счет 69.9 с 2023 года	['2023 г']	[]	[]	[]	[]	[]	[]	[]	[]	['69', '9']	счет цифра.цифра с дата_времяода
указ президента рф от 25.07.2006 n 765  о единовременном поощрении лиц, проходящих (проходивших) федеральную государственную службу	['25.07.2006']	[]	[]	[]	[]	[]	[]	[]	[]	['765']	указ президента рф от дата_время n цифра  о единовременном поощрении лиц, проходящих (проходивших) федеральную государственную службу
форма 5-з рекомендации по заполнению	[]	[]	[]	[]	[]	['форма 5']	[]	[]	[]	[]	форма_номер-з рекомендации по заполнению
проводки 77 84 фсбу восстановление амортизации	[]	[]	[]	[]	[]	[]	[]	[]	[]	['77', '84']	проводки цифра цифра фсбу восстановление амортизации
ст. 1, федеральный закон от 06.12.2021 n 390-фз о федеральном бюджете на 2022 год и на плановый период 2023 и 2024 годов	['06.12.2021', '2022 г', '2024 г']	[]	[]	['390-фз']	[]	[]	[]	[]	[]	['1', '2023']	ст. цифра, федеральный закон от дата_время n фз_номер о федеральном бюджете на дата_времяод и на плановый период цифра и дата_времяодов
отчет п-2	[]	[]	[]	[]	[]	[]	[]	[]	[]	['2']	отчет п-цифра
статьи 17.2 федерального закона от 06.04.2011 № 63-фз	['06.04.2011']	[]	[]	['63-фз']	[]	[]	[]	[]	[]	['17', '2']	статьи цифра.цифра федерального закона от дата_время № фз_номер
постановление правительства рф от 24.11.2021 n 2024  о правилах казначейского сопровождения (вместе с правилами казначейского сопровождения, осуществляемого федеральным	['24.11.2021']	[]	[]	[]	[]	[]	[]	[]	[]	['2024']	постановление правительства рф от дата_время n цифра  о правилах казначейского сопровождения (вместе с правилами казначейского сопровождения, осуществляемого федеральным
как исправить ошибку при проверке подраздела 3.2.1 к разделу 3?	[]	[]	[]	[]	[]	[]	[]	[]	[]	['3', '2', '1', '3']	как исправить ошибку при проверке подраздела цифра.цифра.цифра к разделу цифра?
№ 184н	[]	[]	[]	[]	[]	[]	[]	[]	[]	['184']	№ цифран
письмо фнс россии от 28.12.2022 n зг-3-11/14974@ указали, как применять стандартный вычет, если зарплату за вторую половину декабря выдают в январе	['28.12.2022']	[]	[]	[]	[]	[]	[]	[]	['3-11/14974']	[]	письмо фнс россии от дата_время n зг-нпа_номер@ указали, как применять стандартный вычет, если зарплату за вторую половину декабря выдают в январе
когда сдается 1151162	[]	[]	[]	[]	[]	[]	[]	[]	[]	['1151162']	когда сдается цифра
до 15 декабря направьте в фсс два документа	[]	[]	[]	[]	[]	[]	[]	[]	[]	['15']	до цифра декабря направьте в фсс два документа
1-оса заполнение	[]	[]	[]	[]	[]	[]	[]	[]	[]	['1']	цифра-оса заполнение
фнс от 14.11.2022 № ед-7-19/1086	['14.11.2022']	[]	[]	[]	[]	[]	[]	[]	['7-19/1086']	[]	фнс от дата_время № ед-нпа_номер
дебетовый остаток на счету 81.09	[]	[]	[]	[]	[]	[]	[]	[]	[]	['81', '09']	дебетовый остаток на счету цифра.цифра
можно ли списать единовременно приобретенную офисную мебель до 40000,00 организация осно	[]	[]	[]	[]	[]	[]	[]	[]	[]	['40000', '00']	можно ли списать единовременно приобретенную офисную мебель до цифра,цифра организация осно
письмо минтруда россии от 01.02.2002 № 625-вв	['01.02.2002']	[]	[]	[]	[]	[]	[]	[]	[]	['625']	письмо минтруда россии от дата_время № цифра-вв
областной закон о налоге на имущество организаций 204-25 оз архангельская область	[]	[]	[]	[]	[]	[]	[]	[]	['204-25']	[]	областной закон о налоге на имущество организаций нпа_номер оз архангельская область
1-ос заполнение	[]	[]	[]	[]	[]	[]	[]	[]	[]	['1']	цифра-ос заполнение
в какой строке баланса отразить полученную субсидию отраженную на 98 счете	[]	[]	[]	[]	[]	[]	[]	[]	[]	['98']	в какой строке баланса отразить полученную субсидию отраженную на цифра счете
от 21.12.2022 № 804н	['21.12.2022']	[]	[]	[]	[]	[]	[]	[]	[]	['804']	от дата_время № цифран
постановление № 2438 от 26.12.2022	['26.12.2022']	[]	[]	[]	[]	[]	[]	[]	[]	['2438']	постановление № цифра от дата_время
акт сверки с 2023	[]	[]	[]	[]	[]	[]	[]	[]	[]	['2023']	акт сверки с цифра
за 2022 год сумма, не подлежащая обложению страховыми взносами в соответствии со ст. 422 нк	['2022 г']	[]	['ст. 422 нк']	[]	[]	[]	[]	[]	[]	[]	за дата_времяод сумма, не подлежащая обложению страховыми взносами в соответствии со нк_статья
когда выдавать аванс в феврале, если 25.02.2023 выходной?	['25.02.2023']	[]	[]	[]	[]	[]	[]	[]	[]	[]	когда выдавать аванс в феврале, если дата_время выходной?
отчет 1-услуги	[]	[]	[]	[]	[]	[]	[]	[]	[]	['1']	отчет цифра-услуги
порядка заполнения декларации по налогу на прибыль, утвержденного приказом фнс рф от 23.09.2019 n ммв-7-3/475@)	['23.09.2019']	[]	[]	[]	[]	[]	[]	[]	['7-3/475']	[]	порядка заполнения декларации по налогу на прибыль, утвержденного приказом фнс рф от дата_время n ммв-нпа_номер@)
строка 5287 пояснений как заполняется	[]	[]	[]	[]	[]	[]	[]	[]	[]	['5287']	строка цифра пояснений как заполняется
0504220	[]	[]	[]	[]	[]	[]	[]	[]	[]	['0504220']	цифра
по какой строчки в балансе отражать счет 63	[]	[]	[]	[]	[]	[]	[]	[]	[]	['63']	по какой строчки в балансе отражать счет цифра
код вычета 503 в справке о доходах в 2023 году	['2023 г']	[]	[]	[]	[]	[]	[]	[]	[]	['503']	код вычета цифра в справке о доходах в дата_времяоду
письмо от 26 апреля 2022 шю-4-13/5078@	['апреля 2022']	[]	[]	[]	[]	[]	[]	[]	['4-13/5078']	['26']	письмо от цифра дата_время шю-нпа_номер@
кому нужно сдавать отчет мп(микро) окуд 0601016	[]	[]	[]	[]	[]	[]	[]	[]	[]	['0601016']	кому нужно сдавать отчет мп(микро) окуд цифра
№ 260н	[]	[]	[]	[]	[]	[]	[]	[]	[]	['260']	№ цифран
постановлению госкомстата рф от 28 ноября 1997 n 78	['ноября 1997']	[]	[]	[]	[]	[]	[]	[]	[]	['28', '78']	постановлению госкомстата рф от цифра дата_время n цифра
письмо министерства транспорта рф от 12 марта 2020 № д3-511-пг	['марта 2020']	[]	[]	[]	[]	[]	[]	[]	['3-511']	['12']	письмо министерства транспорта рф от цифра дата_время № днпа_номер-пг
укажите код из приложения 1 к приказу фнс от 10.09.2015 № ммв-7-11/387@	['10.09.2015']	[]	[]	[]	[]	[]	[]	[]	['7-11/387']	['1']	укажите код из приложения цифра к приказу фнс от дата_время № ммв-нпа_номер@
существенная ошибка прошлого периода можно ли списать затраты за счет 84 прошлые периоды	[]	[]	[]	[]	[]	[]	[]	[]	[]	['84']	существенная ошибка прошлого периода можно ли списать затраты за счет цифра прошлые периоды
сзв-тд не принят ошибка 50 что делать	[]	[]	[]	[]	[]	[]	[]	[]	[]	['50']	сзв-тд не принят ошибка цифра что делать
статьей 269 в офр	[]	[]	[]	[]	[]	[]	[]	[]	[]	['269']	статьей цифра в офр
инвентаризация сч. 51,52	[]	[]	[]	[]	[]	[]	[]	[]	[]	['51', '52']	инвентаризация сч. цифра,цифра
как списать предоплату по балансовому счету 60.02 нереальную к взысканию	[]	[]	[]	[]	[]	[]	[]	[]	[]	['60', '02']	как списать предоплату по балансовому счету цифра.цифра нереальную к взысканию
какие суммы отражаются в строке 2520 офр	[]	[]	[]	[]	[]	[]	[]	[]	[]	['2520']	какие суммы отражаются в строке цифра офр
закон саратовской области № 18-зсо от 18.02.2021	['18.02.2021']	[]	[]	[]	[]	[]	[]	[]	[]	['18']	закон саратовской области № цифра-зсо от дата_время
заявление в налоговую 1114237	[]	[]	[]	[]	[]	[]	[]	[]	[]	['1114237']	заявление в налоговую цифра
письмо министерства регионального развития рф от 23 декабря 2009 n 43868-ск/08	['декабря 2009']	[]	[]	[]	[]	[]	[]	[]	[]	['23', '43868', '08']	письмо министерства регионального развития рф от цифра дата_время n цифра-ск/цифра
уплата налогов 275-фз	[]	[]	[]	['275-фз']	[]	[]	[]	[]	[]	[]	уплата налогов фз_номер
приложение n 1 к постановлению минтруда россии от 31.12.2002 n 85	['31.12.2002']	[]	[]	[]	[]	[]	[]	[]	[]	['1', '85']	приложение n цифра к постановлению минтруда россии от дата_время n цифра
а.в. львов в 2023 году получает зарплату - 500 000 руб. в период с 01.07.2022 по 01.02.2023 сотрудник работал за пределами рф. с 02.02.2023 по 09.09.2023 сотрудник работал в рф, с 10.09. до	['2023 г', '01.07.2022', '01.02.2023', '02.02.2023', '09.09.2023']	[]	[]	[]	[]	[]	[]	[]	[]	['500', '000', '10', '09']	а.в. львов в дата_времяоду получает зарплату - цифра цифра руб. в период с дата_время по дата_время сотрудник работал за пределами рф. с дата_время по дата_время сотрудник работал в рф, с цифра.цифра. до
кнд 11501121 заявление	[]	[]	[]	[]	[]	[]	['кнд 11501121']	[]	[]	[]	кнд_номер заявление
как заполнить график работы сотрудников при шестидневной рабочей недели 1/2 на 2022	[]	[]	[]	[]	[]	[]	[]	[]	['1/2']	['2022']	как заполнить график работы сотрудников при шестидневной рабочей недели нпа_номер на цифра
о ставке налога при применении упрощенной системы налогообложения (с изменениями на 10 июня 2022 года)	['июня 2022']	[]	[]	[]	[]	[]	[]	[]	[]	['10']	о ставке налога при применении упрощенной системы налогообложения (с изменениями на цифра дата_время года)
компания перешла на фсбу 14. первоначальная стоимость нма равна 250 000 руб. сумма начисленной амортизации - 75 000 руб. организация проводит переоценку один раз на конец года. на 31 декабря	[]	[]	[]	[]	[]	[]	[]	[]	[]	['14', '250', '000', '75', '000', '31']	компания перешла на фсбу цифра. первоначальная стоимость нма равна цифра цифра руб. сумма начисленной амортизации - цифра цифра руб. организация проводит переоценку один раз на конец года. на цифра декабря
в какой момент нужно формировать проводку дт86 кт83 в нко	[]	[]	[]	[]	[]	[]	[]	[]	[]	['86', '83']	в какой момент нужно формировать проводку дтцифра ктцифра в нко
11821160516001000000 какой налог	[]	[]	[]	[]	[]	[]	[]	[]	[]	['11821160516001000000']	цифра какой налог
сотрудник заболел 27.01 а больничный открыт 03.02 как быть	[]	[]	[]	[]	[]	[]	[]	[]	[]	['27', '01', '03', '02']	сотрудник заболел цифра.цифра а больничный открыт цифра.цифра как быть
ставка страховых взносов для расчета резерва 26,6	[]	[]	[]	[]	[]	[]	[]	[]	[]	['26', '6']	ставка страховых взносов для расчета резерва цифра,цифра
счет 59 баланс	[]	[]	[]	[]	[]	[]	[]	[]	[]	['59']	счет цифра баланс
отчетный налоговый период 34	[]	[]	[]	[]	[]	[]	[]	[]	[]	['34']	отчетный налоговый период цифра
какие суммы отражаются в строке 2530 офр	[]	[]	[]	[]	[]	[]	[]	[]	[]	['2530']	какие суммы отражаются в строке цифра офр
в каких случаях надо делать проводку по дт 007	[]	[]	[]	[]	[]	[]	[]	[]	[]	['007']	в каких случаях надо делать проводку по дт цифра
письма минфина от 09.02.2021 № 03-11-11/8265	['09.02.2021']	[]	[]	[]	[]	[]	[]	[]	['03-11-11/8265']	[]	письма минфина от дата_время № нпа_номер
сопроводительный лист,приложение 5 форма 5-а	[]	[]	[]	[]	[]	['5 форма']	[]	[]	[]	['5']	сопроводительный лист,приложение форма_номер цифра-а
797 1 02 12000 06 1000 160	[]	[]	[]	[]	[]	[]	[]	[]	[]	['797', '1', '02', '12000', '06', '1000', '160']	цифра цифра цифра цифра цифра цифра цифра
отсрочка по страховым взносам постановление № 28 от 17.01.2023	['17.01.2023']	[]	[]	[]	[]	[]	[]	[]	[]	['28']	отсрочка по страховым взносам постановление № цифра от дата_время
№ 61н	[]	[]	[]	[]	[]	[]	[]	[]	[]	['61']	№ цифран
частью 3 статьи 17.14 кодекса российской федерации об административных правонарушениях	[]	[]	[]	[]	[]	[]	[]	[]	[]	['3', '17', '14']	частью цифра статьи цифра.цифра кодекса российской федерации об административных правонарушениях
повышающий коэффициент 1,5 к расходам на доработку программы,на усн	[]	[]	[]	[]	[]	[]	[]	[]	[]	['1', '5']	повышающий коэффициент цифра,цифра к расходам на доработку программы,на усн
письме минфина россии от 28.03.2022 n 03-03-06/1/24632	['28.03.2022']	[]	[]	[]	[]	[]	[]	[]	['03-03-06/1/24632']	[]	письме минфина россии от дата_время n нпа_номер
№ 274н	[]	[]	[]	[]	[]	[]	[]	[]	[]	['274']	№ цифран
повышающий коэффициент 1,5 к расходам на доработку программы, по которой приобретены исключительные права на усн	[]	[]	[]	[]	[]	[]	[]	[]	[]	['1', '5']	повышающий коэффициент цифра,цифра к расходам на доработку программы, по которой приобретены исключительные права на усн
приказ фнс рф от 29.09.2022 n ед-7-11/878@	['29.09.2022']	[]	[]	[]	[]	[]	[]	[]	['7-11/878']	[]	приказ фнс рф от дата_время n ед-нпа_номер@
24 мая 2022 № 82н	[]	[]	[]	[]	[]	[]	[]	[]	[]	['24', '2022', '82']	цифра мая цифра № цифран
какие операции отражаются в строке 2530офр	[]	[]	[]	[]	[]	[]	[]	[]	[]	['2530']	какие операции отражаются в строке цифраофр
отработал с 9 января по 31 января	[]	[]	[]	[]	[]	[]	[]	[]	[]	['9', '31']	отработал с цифра января по цифра января
постановление от 31 декабря 2004 г. № 908 об утверждении перечней кодов видов продовольственных товаров и товаров для детей, облагаемых налогом на добавленную стоимость по налоговой ставке 10	['декабря 2004']	[]	[]	[]	[]	[]	[]	[]	[]	['31', '908', '10']	постановление от цифра дата_время г. № цифра об утверждении перечней кодов видов продовольственных товаров и товаров для детей, облагаемых налогом на добавленную стоимость по налоговой ставке цифра
№ 124н	[]	[]	[]	[]	[]	[]	[]	[]	[]	['124']	№ цифран
заполнение инв-1а	[]	[]	[]	[]	[]	[]	[]	[]	[]	['1']	заполнение инв-цифраа
книга вести книгу доходов 6%	[]	[]	[]	[]	[]	[]	[]	[]	[]	['6']	книга вести книгу доходов цифра%
на второго ребенка в возрасте до 18 лет, а также на каждого учащегося очной формы обучения, аспиранта, ординатора, интерна, студента, курсанта в возрасте до 24 лет родителю, супруге (супругу)	[]	[]	[]	[]	[]	[]	[]	[]	[]	['18', '24']	на второго ребенка в возрасте до цифра лет, а также на каждого учащегося очной формы обучения, аспиранта, ординатора, интерна, студента, курсанта в возрасте до цифра лет родителю, супруге (супругу)
начисление сои с 01.09.2022 года	['01.09.2022']	[]	[]	[]	[]	[]	[]	[]	[]	[]	начисление сои с дата_время года
№ 191н	[]	[]	[]	[]	[]	[]	[]	[]	[]	['191']	№ цифран
учет по форме м-29	[]	[]	[]	[]	[]	[]	[]	[]	[]	['29']	учет по форме м-цифра
письмо от 21 октября 2013 n ммв-20-3/96@ об отсутствии налоговых рисков при применении налогоплательщиками первичного документа, составленного на основе формы счета-фактуры	['октября 2013']	[]	[]	[]	[]	[]	[]	[]	['20-3/96']	['21']	письмо от цифра дата_время n ммв-нпа_номер@ об отсутствии налоговых рисков при применении налогоплательщиками первичного документа, составленного на основе формы счета-фактуры
письмо министерства регионального развития рф от 23 декабря 2009 43868-ск/08	['декабря 2009']	[]	[]	[]	[]	[]	[]	[]	[]	['23', '43868', '08']	письмо министерства регионального развития рф от цифра дата_время цифра-ск/цифра
дебет 84 кредит 10	[]	[]	[]	[]	[]	[]	[]	[]	[]	['84', '10']	дебет цифра кредит цифра
в поле 107 платежного поручения что ставить - мс.01.2023 период, за который начислен платеж	[]	[]	[]	[]	[]	[]	[]	[]	[]	['107', '01', '2023']	в поле цифра платежного поручения что ставить - мс.цифра.цифра период, за который начислен платеж
типовые нормативы времени на работы по бухгалтерскому учету и финансовой деятельности в государственных (муниципальных) учреждениях. шифр 14.08.01 (утв. фгбу нии тсс минтруда россии 07.03.2014 n	['07.03.2014']	[]	[]	[]	[]	[]	[]	[]	[]	['14', '08', '01']	типовые нормативы времени на работы по бухгалтерскому учету и финансовой деятельности в государственных (муниципальных) учреждениях. шифр цифра.цифра.цифра (утв. фгбу нии тсс минтруда россии дата_время n
приказ № 462 от 30.07.2021	['30.07.2021']	[]	[]	[]	[]	[]	[]	[]	[]	['462']	приказ № цифра от дата_время
постановление № 2571 от 31.12.2022	['31.12.2022']	[]	[]	[]	[]	[]	[]	[]	[]	['2571']	постановление № цифра от дата_время
кто платит взносы нр 10%	[]	[]	[]	[]	[]	[]	[]	[]	[]	['10']	кто платит взносы нр цифра%
форма № 1-услуги сведения об объеме платных услуг населению	[]	[]	[]	[]	[]	[]	[]	[]	[]	['1']	форма № цифра-услуги сведения об объеме платных услуг населению
письмо минфин от 30.01.2023	['30.01.2023']	[]	[]	[]	[]	[]	[]	[]	[]	[]	письмо минфин от дата_время
п 27-фз	[]	[]	[]	['27-фз']	[]	[]	[]	[]	[]	[]	п фз_номер
закон краснодарского края от 15 декабря 2004 n 808-кз о мерах социальной поддержки отдельных категорий жителей краснодарского края	['декабря 2004']	[]	[]	[]	[]	[]	[]	[]	[]	['15', '808']	закон краснодарского края от цифра дата_время n цифра-кз о мерах социальной поддержки отдельных категорий жителей краснодарского края
трудовой договор с директором на ,05 ставки	[]	[]	[]	[]	[]	[]	[]	[]	[]	['05']	трудовой договор с директором на ,цифра ставки
инструкции № 157н	[]	[]	[]	[]	[]	[]	[]	[]	[]	['157']	инструкции № цифран
приказ № 711	[]	[]	[]	[]	[]	[]	[]	[]	[]	['711']	приказ № цифра
письмо минфина от 26.07.2022 № 03-15-05/71804)	['26.07.2022']	[]	[]	[]	[]	[]	[]	[]	['03-15-05/71804']	[]	письмо минфина от дата_время № нпа_номер)
приказ росстата от 01.11.2022 n 794	['01.11.2022']	[]	[]	[]	[]	[]	[]	[]	[]	['794']	приказ росстата от дата_время n цифра
письма минфина россии от 10.10.2018 № 07-01-07/72806	['10.10.2018']	[]	[]	[]	[]	[]	[]	[]	['07-01-07/72806']	[]	письма минфина россии от дата_время № нпа_номер
№ 254н	[]	[]	[]	[]	[]	[]	[]	[]	[]	['254']	№ цифран
9729025867	[]	[]	[]	[]	[]	[]	[]	[]	[]	['9729025867']	цифра
№ 162н	[]	[]	[]	[]	[]	[]	[]	[]	[]	['162']	№ цифран
срок платы с выплаты прочих доходов (4800)	[]	[]	[]	[]	[]	[]	[]	[]	[]	['4800']	срок платы с выплаты прочих доходов (цифра)
3.2.3. размер убытка от уступки права требования, которая была произведена третьему лицу	[]	[]	[]	[]	[]	[]	[]	[]	[]	['3', '2', '3']	цифра.цифра.цифра. размер убытка от уступки права требования, которая была произведена третьему лицу
код 503	[]	[]	[]	[]	[]	[]	[]	[]	[]	['503']	код цифра
пожертвования ст. 251	[]	[]	[]	[]	[]	[]	[]	[]	[]	['251']	пожертвования ст. цифра
уфк по г. москве (отделение фонда пенсионного и социального страхования российской федерации по г. москве и московской области л/с 04734ф73010)	[]	[]	[]	[]	[]	[]	[]	[]	[]	['04734', '73010']	уфк по г. москве (отделение фонда пенсионного и социального страхования российской федерации по г. москве и московской области л/с цифрафцифра)
дебет 26 кредит 60 (затраты по договору фулфилмента	[]	[]	[]	[]	[]	[]	[]	[]	[]	['26', '60']	дебет цифра кредит цифра (затраты по договору фулфилмента
письмо минфина рф от 21.01.2019 n 03-15-05/2694	['21.01.2019']	[]	[]	[]	[]	[]	[]	[]	['03-15-05/2694']	[]	письмо минфина рф от дата_время n нпа_номер
счет 97.11 как закрывается	[]	[]	[]	[]	[]	[]	[]	[]	[]	['97', '11']	счет цифра.цифра как закрывается
письмо 03-07-14/121306 от 09.12.2022	['09.12.2022']	[]	[]	[]	[]	[]	[]	[]	['03-07-14/121306']	[]	письмо нпа_номер от дата_время
приказ минэкономразвития 921	[]	[]	[]	[]	[]	[]	[]	[]	[]	['921']	приказ минэкономразвития цифра
административный регламент исполнения федеральной миграционной службы приложение № 5 форма 5-а	[]	[]	[]	[]	[]	['5 форма']	[]	[]	[]	['5']	административный регламент исполнения федеральной миграционной службы приложение № форма_номер цифра-а
срочно! возможно сегодня? в понедельник не актуально.... оквэд на основной - 43.99.9 работы строительные специализированные, не включенные в другие группировки , какие близкие к данному оквэду хотим	[]	[]	[]	[]	[]	[]	[]	[]	[]	['43', '99', '9']	срочно! возможно сегодня? в понедельник не актуально.... оквэд на основной - цифра.цифра.цифра работы строительные специализированные, не включенные в другие группировки , какие близкие к данному оквэду хотим
минфин письмо 03-03-06/1/123192 15.12.2022	['15.12.2022']	[]	[]	[]	[]	[]	[]	[]	['03-03-06/1/123192']	[]	минфин письмо нпа_номер дата_время
п. 2 постановления № 922	[]	[]	[]	[]	[]	[]	[]	[]	[]	['2', '922']	п. цифра постановления № цифра
ставка налога на прибыль в соответствии с п. 1.16 ст. 284 как заполнить офр в связи с изменениями ставки	[]	[]	[]	[]	[]	[]	[]	[]	[]	['1', '16', '284']	ставка налога на прибыль в соответствии с п. цифра.цифра ст. цифра как заполнить офр в связи с изменениями ставки
министерство транспорта российской федерации распоряжение ред от 30.09.2021	['30.09.2021']	[]	[]	[]	[]	[]	[]	[]	[]	[]	министерство транспорта российской федерации распоряжение ред от дата_время
как начислить резерв по судебным искам от поставщиков с вероятностью взыскания 70%	[]	[]	[]	[]	[]	[]	[]	[]	[]	['70']	как начислить резерв по судебным искам от поставщиков с вероятностью взыскания цифра%
учет заработной платы и кадров 2023 + 1с зуп 8.3	[]	[]	[]	[]	[]	[]	[]	[]	[]	['2023', '1', '8', '3']	учет заработной платы и кадров цифра + цифрас зуп цифра.цифра
письмо № ед-4-20/15240@ от 6 августа 2018	['августа 2018']	[]	[]	[]	[]	[]	[]	[]	['4-20/15240']	['6']	письмо № ед-нпа_номер@ от цифра дата_время
приказ № 209н последняя редакция	[]	[]	[]	[]	[]	[]	[]	[]	[]	['209']	приказ № цифран последняя редакция
отчет по труду форма 1-т труд бланк 2023	[]	[]	[]	[]	[]	['форма 1']	[]	[]	[]	['2023']	отчет по труду форма_номер-т труд бланк цифра
1151162	[]	[]	[]	[]	[]	[]	[]	[]	[]	['1151162']	цифра
66н от 02.07.2010	['02.07.2010']	[]	[]	[]	[]	[]	[]	[]	[]	['66']	цифран от дата_время
№ 52н	[]	[]	[]	[]	[]	[]	[]	[]	[]	['52']	№ цифран
письмо роструда от 08.09.2006	['08.09.2006']	[]	[]	[]	[]	[]	[]	[]	[]	[]	письмо роструда от дата_время
n 03-03-06/1/22577	[]	[]	[]	[]	[]	[]	[]	[]	['03-03-06/1/22577']	[]	n нпа_номер
0601016	[]	[]	[]	[]	[]	[]	[]	[]	[]	['0601016']	цифра
приказ ммв-7-20/229@	[]	[]	[]	[]	[]	[]	[]	[]	['7-20/229']	[]	приказ ммв-нпа_номер@
постановление госстроя россии от 23.12.2003 n 213	['23.12.2003']	[]	[]	[]	[]	[]	[]	[]	[]	['213']	постановление госстроя россии от дата_время n цифра
№ 256н	[]	[]	[]	[]	[]	[]	[]	[]	[]	['256']	№ цифран
09.11.2022 года № бс-4-11/15099	['09.11.2022']	[]	[]	[]	[]	[]	[]	[]	['4-11/15099']	[]	дата_время года № бс-нпа_номер
кнд 1165180. заявление о представлении	[]	[]	[]	[]	[]	[]	['кнд 1165180']	[]	[]	[]	кнд_номер. заявление о представлении
в соответствии со статьей 6 федерального закона № 115-фз следующие операции с денежными средствами или иным имуществом подлежат обязательному контролю	[]	[]	[]	['115-фз']	[]	[]	[]	[]	[]	['6']	в соответствии со статьей цифра федерального закона № фз_номер следующие операции с денежными средствами или иным имуществом подлежат обязательному контролю
счет 76.07.1	[]	[]	[]	[]	[]	[]	[]	[]	[]	['76', '07', '1']	счет цифра.цифра.цифра
приказ ед-7-11/878@	[]	[]	[]	[]	[]	[]	[]	[]	['7-11/878']	[]	приказ ед-нпа_номер@
формы отчетности о финансово-экономическом состоянии товаропроизводителей агропромышленного комплекса за 2022 г. 13.07.2021 № 465	['2022 г', '13.07.2021']	[]	[]	[]	[]	[]	[]	[]	[]	['465']	формы отчетности о финансово-экономическом состоянии товаропроизводителей агропромышленного комплекса за дата_время. дата_время № цифра
приказ № ам-23-р от 14.03.2008	['14.03.2008']	[]	[]	[]	[]	[]	[]	[]	[]	['23']	приказ № ам-цифра-р от дата_время
письмо минфина от 23 мая 2018 n 03-04-05/34737	[]	[]	[]	[]	[]	[]	[]	[]	['03-04-05/34737']	['23', '2018']	письмо минфина от цифра мая цифра n нпа_номер
№ 255н	[]	[]	[]	[]	[]	[]	[]	[]	[]	['255']	№ цифран
письме минфина россии от 27 октября 2011 № 03-04-06/8-289.	['октября 2011']	[]	[]	[]	[]	[]	[]	[]	['03-04-06/8-289']	['27']	письме минфина россии от цифра дата_время № нпа_номер.
отчет по труду форма 1-т труд	[]	[]	[]	[]	[]	['форма 1']	[]	[]	[]	[]	отчет по труду форма_номер-т труд
письмо от 20.01.2023 № 03-11-09/4254	['20.01.2023']	[]	[]	[]	[]	[]	[]	[]	['03-11-09/4254']	[]	письмо от дата_время № нпа_номер
№ 257н	[]	[]	[]	[]	[]	[]	[]	[]	[]	['257']	№ цифран
приказ минфина от 22.11.2022	['22.11.2022']	[]	[]	[]	[]	[]	[]	[]	[]	[]	приказ минфина от дата_время
сд-4-18/17916	[]	[]	[]	[]	[]	[]	[]	[]	['4-18/17916']	[]	сд-нпа_номер
приказ росстроя от 24.05.2006 n ск-1976/02	['24.05.2006']	[]	[]	[]	[]	[]	[]	[]	['1976/02']	[]	приказ росстроя от дата_время n ск-нпа_номер
указание банка россии от 11.03.2014 № 3210-	['11.03.2014']	[]	[]	[]	[]	[]	[]	[]	[]	['3210']	указание банка россии от дата_время № цифра-
областной закон 204-25 оз архангельская область	[]	[]	[]	[]	[]	[]	[]	[]	['204-25']	[]	областной закон нпа_номер оз архангельская область
1650368146	[]	[]	[]	[]	[]	[]	[]	[]	[]	['1650368146']	цифра
1-торг	[]	[]	[]	[]	[]	[]	[]	[]	[]	['1']	цифра-торг
код вида тс 51004	[]	[]	[]	[]	[]	[]	[]	[]	[]	['51004']	код вида тс цифра
платежная ведомость т-53	[]	[]	[]	[]	[]	[]	[]	[]	[]	['53']	платежная ведомость т-цифра
гост р 70360-2022. национальный стандарт российской федерации. метрополитены. верификация закупленной продукции	[]	[]	[]	[]	[]	[]	[]	[]	['70360-2022']	[]	гост р нпа_номер. национальный стандарт российской федерации. метрополитены. верификация закупленной продукции
письма минфина от 09.02.2021 № 03-11-11/8265, от 08.12.2020 № 03-11-11/107053 и от 23.11.2020 № 03-11-11/102130). закон тульской области от 25.02.2021 № 8-зто об установлении размеров потенциально	['09.02.2021', '08.12.2020', '23.11.2020', '25.02.2021']	[]	[]	[]	[]	[]	[]	[]	['03-11-11/8265', '03-11-11/107053', '03-11-11/102130']	['8']	письма минфина от дата_время № нпа_номер, от дата_время № нпа_номер и от дата_время № нпа_номер). закон тульской области от дата_время № цифра-зто об установлении размеров потенциально
ед-7-11/878@	[]	[]	[]	[]	[]	[]	[]	[]	['7-11/878']	[]	ед-нпа_номер@
правил хранения документов, утв. приказом минкультуры от 31.03.2015 n 526	['31.03.2015']	[]	[]	[]	[]	[]	[]	[]	[]	['526']	правил хранения документов, утв. приказом минкультуры от дата_время n цифра
от 27 ноября 2003 года № 109-з	['ноября 2003']	[]	[]	[]	[]	[]	[]	[]	[]	['27', '109']	от цифра дата_время года № цифра-з
кадастр отходов если 0.15тонн	[]	[]	[]	[]	[]	[]	[]	[]	[]	['0', '15']	кадастр отходов если цифра.цифратонн
зг-3-11/125@	[]	[]	[]	[]	[]	[]	[]	[]	['3-11/125']	[]	зг-нпа_номер@
когда закрывается 63 счет	[]	[]	[]	[]	[]	[]	[]	[]	[]	['63']	когда закрывается цифра счет
полная норма в январе составляет 136 часов.	[]	[]	[]	[]	[]	[]	[]	[]	[]	['136']	полная норма в январе составляет цифра часов.
бух баланс счет 59 кооперативы	[]	[]	[]	[]	[]	[]	[]	[]	[]	['59']	бух баланс счет цифра кооперативы
форма 1-тариф (авто)	[]	[]	[]	[]	[]	['форма 1']	[]	[]	[]	[]	форма_номер-тариф (авто)
постановление минпромторга 334	[]	[]	[]	[]	[]	[]	[]	[]	[]	['334']	постановление минпромторга цифра
код вида тс 51000	[]	[]	[]	[]	[]	[]	[]	[]	[]	['51000']	код вида тс цифра
указание банка россии от 11.03.2014 № 3210-у	['11.03.2014']	[]	[]	[]	[]	[]	[]	[]	[]	['3210']	указание банка россии от дата_время № цифра-у
приказ фас россии от 09.09.2020 n 820/20	['09.09.2020']	[]	[]	[]	[]	[]	[]	[]	['820/20']	[]	приказ фас россии от дата_время n нпа_номер
http://link.mail.mailaction360.ru/уьфшддштл/18064584,	[]	[]	[]	[]	[]	[]	[]	[]	[]	['360', '18064584']	http://link.mail.mailactionцифра.ru/уьфшддштл/цифра,
приказ росстата № 462 от 30.07.2021	['30.07.2021']	[]	[]	[]	[]	[]	[]	[]	[]	['462']	приказ росстата № цифра от дата_время
https://vip.1gl.ru/#/document/118/118534/0c443d15-90bc-4dce-ивви-f5a4675ffc0b/ltc/?utm source	[]	[]	[]	[]	[]	[]	[]	[]	['118/118534/0', '15-90']	['1', '443', '4', '5', '4675', '0']	https://vip.цифраgl.ru/#/document/нпа_номерcцифраdнпа_номерbc-цифраdce-ивви-fцифраaцифраffcцифраb/ltc/?utm source
утвержденного приказом минкультуры от 25.08.2010 № 558	['25.08.2010']	[]	[]	[]	[]	[]	[]	[]	[]	['558']	утвержденного приказом минкультуры от дата_время № цифра
статья 219	[]	[]	[]	[]	[]	[]	[]	[]	[]	['219']	статья цифра
легковые фургоны для формы 1-тр	[]	[]	[]	[]	[]	['формы 1']	[]	[]	[]	[]	легковые фургоны для форма_номер-тр
21-01-09/92156	[]	[]	[]	[]	[]	[]	[]	[]	['21-01-09/92156']	[]	нпа_номер
повышающий коэффициент постановление № 354	[]	[]	[]	[]	[]	[]	[]	[]	[]	['354']	повышающий коэффициент постановление № цифра
по какой цене проводка д45 к43	[]	[]	[]	[]	[]	[]	[]	[]	[]	['45', '43']	по какой цене проводка дцифра кцифра
право на льготу с кодом 2012500	[]	[]	[]	[]	[]	[]	[]	[]	[]	['2012500']	право на льготу с кодом цифра
как перевести тмц с сч.08 на сч.10	[]	[]	[]	[]	[]	[]	[]	[]	[]	['08', '10']	как перевести тмц с сч.цифра на сч.цифра
перечень типовых управленческих документов 558	[]	[]	[]	[]	[]	[]	[]	[]	[]	['558']	перечень типовых управленческих документов цифра
приказ росстата от 29.07.2022 № 533 об утверждении	['29.07.2022']	[]	[]	[]	[]	[]	[]	[]	[]	['533']	приказ росстата от дата_время № цифра об утверждении
разъяснения минфина от 18.01.2022 № 0704-09/2185	['18.01.2022']	[]	[]	[]	[]	[]	[]	[]	['0704-09/2185']	[]	разъяснения минфина от дата_время № нпа_номер
134/118	[]	[]	[]	[]	[]	[]	[]	[]	['134/118']	[]	нпа_номер
13.07.2021 № 465	['13.07.2021']	[]	[]	[]	[]	[]	[]	[]	[]	['465']	дата_время № цифра
когда надо делать проводку по дебет 007	[]	[]	[]	[]	[]	[]	[]	[]	[]	['007']	когда надо делать проводку по дебет цифра
форма 3-1 сведения полученные в результате учета объема забора воды	[]	[]	[]	[]	[]	['форма 3']	[]	[]	[]	['1']	форма_номер-цифра сведения полученные в результате учета объема забора воды
списание счета 09 и 77 за 2022г.	['2022г']	[]	[]	[]	[]	[]	[]	[]	[]	['09', '77']	списание счета цифра и цифра за дата_время.
14 счет критерий - 185 дней	[]	[]	[]	[]	[]	[]	[]	[]	[]	['14', '185']	цифра счет критерий - цифра дней
от 28.12.2022 № 3г-3-11/14974	['28.12.2022']	[]	[]	[]	[]	[]	[]	[]	['3-11/14974']	['3']	от дата_время № цифраг-нпа_номер
лицевой счет т-54	[]	[]	[]	[]	[]	[]	[]	[]	[]	['54']	лицевой счет т-цифра
03-03-10/126074 от 22.12.2022	['22.12.2022']	[]	[]	[]	[]	[]	[]	[]	['03-03-10/126074']	[]	нпа_номер от дата_время
1-натура	[]	[]	[]	[]	[]	[]	[]	[]	[]	['1']	цифра-натура
ед-7/15/645	[]	[]	[]	[]	[]	[]	[]	[]	['7/15/645']	[]	ед-нпа_номер
постановление правительства ро от 02.02.2017 г. № 50	['02.02.2017']	[]	[]	[]	[]	[]	[]	[]	[]	['50']	постановление правительства ро от дата_время г. № цифра
1-ип автогруз	[]	[]	[]	[]	[]	[]	[]	[]	[]	['1']	цифра-ип автогруз
минфин письмо 03-03-06/1/123192 15.12.2022 дмс	['15.12.2022']	[]	[]	[]	[]	[]	[]	[]	['03-03-06/1/123192']	[]	минфин письмо нпа_номер дата_время дмс
1-кфх	[]	[]	[]	[]	[]	[]	[]	[]	[]	['1']	цифра-кфх
сальдо по налогам на 31.12.2022	['31.12.2022']	[]	[]	[]	[]	[]	[]	[]	[]	[]	сальдо по налогам на дата_время
14) письмо фас от 26.02.2016 № ак/11825/16	['26.02.2016']	[]	[]	[]	[]	[]	[]	[]	['11825/16']	['14']	цифра) письмо фас от дата_время № ак/нпа_номер
тип платежа 108 строка	[]	[]	[]	[]	[]	[]	[]	[]	[]	['108']	тип платежа цифра строка
с-09-3-1	[]	[]	[]	[]	[]	[]	[]	[]	['09-3-1']	[]	с-нпа_номер
приказ на оприходование лома мх-14	[]	[]	[]	[]	[]	[]	[]	[]	[]	['14']	приказ на оприходование лома мх-цифра
902-пп о размещении информационных конструкций в городе москве	[]	[]	[]	[]	[]	[]	[]	[]	[]	['902']	цифра-пп о размещении информационных конструкций в городе москве
97.11 как закрывается	[]	[]	[]	[]	[]	[]	[]	[]	[]	['97', '11']	цифра.цифра как закрывается
о связи № 126-фз 07.07.2023	['07.07.2023']	[]	[]	['126-фз']	[]	[]	[]	[]	[]	[]	о связи № фз_номер дата_время
р-54/2014-кпр учет бюджетных инвестиций, полученных в период реорганизации фгуп в оао	[]	[]	[]	[]	[]	[]	[]	[]	['54/2014']	[]	р-нпа_номер-кпр учет бюджетных инвестиций, полученных в период реорганизации фгуп в оао
применение счета 69.09	[]	[]	[]	[]	[]	[]	[]	[]	[]	['69', '09']	применение счета цифра.цифра
приказе росархива от 20.12.2019 № 236	['20.12.2019']	[]	[]	[]	[]	[]	[]	[]	[]	['236']	приказе росархива от дата_время № цифра
решение совета евразийской экономической комиссии от 09.10.2013 n 68	['09.10.2013']	[]	[]	[]	[]	[]	[]	[]	[]	['68']	решение совета евразийской экономической комиссии от дата_время n цифра
ед-7-21/646@	[]	[]	[]	[]	[]	[]	[]	[]	['7-21/646']	[]	ед-нпа_номер@
сальдо расчетов 68 69	[]	[]	[]	[]	[]	[]	[]	[]	[]	['68', '69']	сальдо расчетов цифра цифра
106-фз проценты	[]	[]	[]	['106-фз']	[]	[]	[]	[]	[]	[]	фз_номер проценты
21.12.2020 № 158-з	['21.12.2020']	[]	[]	[]	[]	[]	[]	[]	[]	['158']	дата_время № цифра-з
сбц инженерные изыскания для строительства. инженерно-геодезические изыскания. 2004	[]	[]	[]	[]	[]	[]	[]	[]	[]	['2004']	сбц инженерные изыскания для строительства. инженерно-геодезические изыскания. цифра
13890 22 %	[]	[]	[]	[]	[]	[]	[]	[]	[]	['13890', '22']	цифра цифра %
приказ росстата 29.07.2022	['29.07.2022']	[]	[]	[]	[]	[]	[]	[]	[]	[]	приказ росстата дата_время
о связи № 126-фз 07.07.2003	['07.07.2003']	[]	[]	['126-фз']	[]	[]	[]	[]	[]	[]	о связи № фз_номер дата_время
сд-4-3/1023@ от 31.01.2023	['31.01.2023']	[]	[]	[]	[]	[]	[]	[]	['4-3/1023']	[]	сд-нпа_номер@ от дата_время
181/и от 31.05.2022	['31.05.2022']	[]	[]	[]	[]	[]	[]	[]	[]	['181']	цифра/и от дата_время
12.02.2021 № 07-01-09/9672	['12.02.2021']	[]	[]	[]	[]	[]	[]	[]	['07-01-09/9672']	[]	дата_время № нпа_номер
1120.9	[]	[]	[]	[]	[]	[]	[]	[]	[]	['1120', '9']	цифра.цифра
использование 46 счета	[]	[]	[]	[]	[]	[]	[]	[]	[]	['46']	использование цифра счета
06.05.2009 № 26 дагестан	['06.05.2009']	[]	[]	[]	[]	[]	[]	[]	[]	['26']	дата_время № цифра дагестан
3070-у	[]	[]	[]	[]	[]	[]	[]	[]	[]	['3070']	цифра-у
областной закон 204-25 оз	[]	[]	[]	[]	[]	[]	[]	[]	['204-25']	[]	областной закон нпа_номер оз
закон ур от 29.11.2017 № 66-рз	['29.11.2017']	[]	[]	[]	[]	[]	[]	[]	[]	['66']	закон ур от дата_время № цифра-рз
https://www.26-2.ru/art/356995-щикфяеын-здфеуотнр-зщкгсрутшн-po-тфдщпфь-i-vznosam-v-2023-godu	[]	[]	[]	[]	[]	[]	[]	[]	['26-2']	['356995', '2023']	https://www.нпа_номер.ru/art/цифра-щикфяеын-здфеуотнр-зщкгсрутшн-po-тфдщпфь-i-vznosam-v-цифра-godu
3073-у	[]	[]	[]	[]	[]	[]	[]	[]	[]	['3073']	цифра-у
ед-7-8/1047@	[]	[]	[]	[]	[]	[]	[]	[]	['7-8/1047']	[]	ед-нпа_номер@
ед-7-8/1133@	[]	[]	[]	[]	[]	[]	[]	[]	['7-8/1133']	[]	ед-нпа_номер@
39-ф	[]	[]	[]	[]	[]	[]	[]	[]	[]	['39']	цифра-ф
перечнем № 558	[]	[]	[]	[]	[]	[]	[]	[]	[]	['558']	перечнем № цифра
15-15/7710-14924л	[]	[]	[]	[]	[]	[]	[]	[]	['15-15/7710-14924']	[]	нпа_номерл
03-07-13/1/51100	[]	[]	[]	[]	[]	[]	[]	[]	['03-07-13/1/51100']	[]	нпа_номер
№ 109-з	[]	[]	[]	[]	[]	[]	[]	[]	[]	['109']	№ цифра-з
06/05/2009 № 26	[]	[]	[]	[]	[]	[]	[]	[]	['06/05/2009']	['26']	нпа_номер № цифра
07-04-09/78875	[]	[]	[]	[]	[]	[]	[]	[]	['07-04-09/78875']	[]	нпа_номер
от 25.11.2019 № вд-4-1/24013@	['25.11.2019']	[]	[]	[]	[]	[]	[]	[]	['4-1/24013']	[]	от дата_время № вд-нпа_номер@
245 31	[]	[]	[]	[]	[]	[]	[]	[]	[]	['245', '31']	цифра цифра
0510431	[]	[]	[]	[]	[]	[]	[]	[]	[]	['0510431']	цифра
176.1	[]	[]	[]	[]	[]	[]	[]	[]	[]	['176', '1']	цифра.цифра
220.25.11.23.140	[]	[]	[]	[]	[]	[]	[]	[]	[]	['220', '25', '11', '23', '140']	цифра.цифра.цифра.цифра.цифра
фз-306	[]	[]	[]	['фз-306']	[]	[]	[]	[]	[]	[]	фз_номер
03-03-05/251	[]	[]	[]	[]	[]	[]	[]	[]	['03-03-05/251']	[]	нпа_номер
о связи № 126-фз	[]	[]	[]	['126-фз']	[]	[]	[]	[]	[]	[]	о связи № фз_номер
№ 3210-у	[]	[]	[]	[]	[]	[]	[]	[]	[]	['3210']	№ цифра-у
правила 124	[]	[]	[]	[]	[]	[]	[]	[]	[]	['124']	правила цифра
225	[]	[]	[]	[]	[]	[]	[]	[]	[]	['225']	цифра
nan	[]	[]	[]	[]	[]	[]	[]	[]	[]	[]	nan
