PubId	Date	Text	HasFastAnswer	SuperFastAnswerClick	id_answer	ID	score	etalon	Оценка	Комментарий
8	2023-02-04	18210214010060001160 кбк	0	0	9999	508398	0.99916046416677	кбк 18210606033101000110	0	
220	2023-02-04	форма по кнд 1150057	0	0	9999	461275	0.999029035969107	форма кнд 1150058	0	
6	2023-02-04	кбк 18210201000013000160	0	0	9999	508398	0.998737177407603	кбк 18210301000012100110	0	
8	2023-02-05	как заполнить форму 1151162	0	0	9999	461275	0.995573735840616	как заполнить форму 1150058	0	
6	2023-02-04	зарплата за декабрь 2022 выплаченная в январе 2023 в 6-ндфл	1	1	416138	416138	0.994230369922845	6-ндфл зарплата за декабрь 2022 выплачена в январе 2022	0	
220	2023-02-05	форма по кнд 1151162	0	0	9999	461275	0.993736941772232	форма кнд 1150058	0	
9	2023-02-04	пониженные ставки налога на усн в 2023 году по регионам	1	0	493150	503982	0.992180844502117	пониженные ставки налога на усн в 2022 году по регионам	0	
8	2023-02-03	6-ндфл за 2021 год форма 23101012	1	1	486295	486295	0.991963719084236	6-ндфл 2021 год форма	0	
220	2023-02-04	форма по кнд 1110355	0	0	9999	461275	0.991384465637302	форма кнд 1150058	0	
9	2023-02-04	налоговые ставки усн по регионам на 2023 год	1	0	503982	503982	0.990999201770748	налоговые ставки усн по регионам на 2022 год	0	
8	2023-02-04	размер страхового тарифа в соответствии с классом профессионального 68.1 риска	1	1	517686	517686	0.990586354940829	размер страхового тарифа в соответствии с классом профессионального риска	1	
9	2023-02-03	срок сдачи 6-ндфл за 1 квартал 2023	1	1	407421	407421	0.990570633532534	6-ндфл за 1 квартал 2022 срок сдачи	0	
6	2023-02-05	форма 0504402	0	0	9999	438333	0.990207401976902	форма 0504425	0	
8	2023-02-03	таблица ставок усн по регионам в 2023 году	1	0	493150	432787	0.989972837451629	ставки по усн в 2022 году по регионам таблица	0	
9	2023-02-03	кнд 11501121	0	0	9999	461275	0.989895130486687	кнд 1150058	0	
8	2023-02-03	6-ндфл за 2022 год, если зарплата за декабрь выплачена 10 января 2023	1	1	416138	416138	0.989870969560244	6-ндфл за 2022 год если зарплата за декабрь выплачена в январе 2022	1	другое
9	2023-02-03	форма по кнд 1114237	0	0	9999	461275	0.989399414807616	форма кнд 1150058	0	
6	2023-02-05	07070000000000000410112310	0	0	9999	508398	0.98877739878539	04050000000000803	0	
6	2023-02-04	страховые взнос ип за себя 20232	1	0	503720	503720	0.987304580574775	страховые взносы ИП за себя	1	
6	2023-02-04	фсбу 14/22	0	0	9999	430235	0.987303696314022	фсбу 5/19	0	
9	2023-02-03	ст. 271 нк рф	0	0	9999	421063	0.987225522845639	ст. 254 нк рф	0	
9	2023-02-03	как заполнить 6-ндфл за 2022 год если зарплата декабря 2022 выдана в январе 2023	1	1	416138	416138	0.987069398346737	как заполнить 6-ндфл за 2022 год если зарплата за декабрь выплачена в январе 2022	0	
9	2023-02-04	п. 3 ст. 169 нк рф	0	0	9999	421063	0.986914056442764	п. 1 ст. 54 нк рф	0	
8	2023-02-05	величина прожиточный минимум по субъектам рф на 2021 год	1	1	513810	513810	0.986830836904952	величина прожиточного минимума по субъектам рф за 2023 год	0	
9	2023-02-04	справка 2-ндфл в 2023 году	0	0	9999	445698	0.986824555989431	справка 2-ндфл в 2022 году	0	
9	2023-02-04	аренда земельного участка 2023	0	0	9999	421149	0.986769503032365	аренда земельных участков 2022	0	
9	2023-02-03	усн налоги ставки 2023	1	0	432787	503982	0.986515122194792	ставка налога усн на 2022	0	
9	2023-02-05	6-ндфл 1 квартал 2023	1	0	430325	430325	0.986116315728333	6-ндфл 1 квартал 2022	0	
6	2023-02-05	6-ндфл за 1 кв 2023	0	0	9999	430325	0.985805759703201	6-ндфл за 1 кв 2022	0	
9	2023-02-03	ст. 7 нк рф; п. 3 ст. 310 нк рф	0	0	9999	421063	0.985690997156084	п. 1 ст. 54 нк рф	0	
9	2023-02-03	ст. 346.18 нк рф	0	0	9999	421063	0.985593593790382	ст. 254 нк рф	0	
8	2023-02-03	как заполнить форму 1-кфх	0	0	9999	461275	0.985071389230923	как заполнить форму 1150058	0	
6	2023-02-05	ст 430 нк рф	0	0	9999	421063	0.985003286114099	ст. 54 нк рф	0	
9	2023-02-03	порядок заполнения форма 4-тэр	0	0	9999	461275	0.98500026961389	порядок заполнения формы 1150058	0	
9	2023-02-03	п. 4 ст. 170 нк рф	0	0	9999	421063	0.984942456333208	п. 1 ст. 54 нк рф	0	
6	2023-02-04	форма № р38001 как заполнить	0	0	9999	31318	0.984852037047711	как заполнить форму № р15016	0	
6	2023-02-04	счет 68042 закрытие	0	0	9999	499703	0.984413506188529	закрытие счета 90,91,99	0	
8	2023-02-05	прожиточный минимум по субъектам рф на 2020 год	1	0	504540	504540	0.984363123670722	прожиточный минимум по субъектам рф на 2022 год	0	
9	2023-02-03	ст. 105.7, п. 1 ст. 279 нк рф)	0	0	9999	421063	0.984210304300875	п. 1 ст. 54 нк рф	0	
9	2023-02-03	ст. 105.7, п. 1 ст. 279 нк рф	0	0	9999	421063	0.984210304300875	п. 1 ст. 54 нк рф	0	
220	2023-02-05	окоф 330.28.23.23	0	0	9999	414255	0.984056914486694	окоф	1	
220	2023-02-05	окоф330.28.23.23	0	0	9999	414255	0.984056914486694	окоф	1	
220	2023-02-04	ст. 346.12 нк рф	0	0	9999	421063	0.983353701127396	ст. 254 нк рф	0	
9	2023-02-05	п. 3 ст. 217 нк рф	0	0	9999	421063	0.982994374445405	п. 1 ст. 54 нк рф	0	
6	2023-02-04	как заполнить форму 38001	0	0	9999	461275	0.982794121993653	как заполнить форму 1150058	0	
8	2023-02-03	срок уплаты авансовых платежей налога на имущество в 2020	0	0	508651	508651	0.982414493547225	налог на имущество срок уплаты авансового платежа	1	
6	2023-02-05	согласие на обработку персональных данных в 2023	1	1	505477	505477	0.981023318970247	согласие на обработку персональных данных в 2022	0	
8	2023-02-05	ставки усн в 2023	0	0	9999	503982	0.980790052389867	ставки усн в 2022	0	
8	2023-02-03	можно ли уволить сотрудника за 1 прогул	1	1	445674	445674	0.980626823541458	можно ли уволить сотрудника за прогул	1	
9	2023-02-03	п. 3 ст. 310 нк рф	0	0	9999	421063	0.980588699814969	п. 1 ст. 54 нк рф	0	
9	2023-02-03	47.73 оквэд 2	0	0	9999	454608	0.980544770384601	68.20.2 оквэд 2	0	
9	2023-02-03	пп. 1 п. 4 ст. 271 нк рф	0	0	9999	421063	0.980198598219838	п. 1 ст. 54 нк рф	0	
8	2023-02-04	ст. 66,1 тк	0	0	9999	431295	0.979871398724872	ст. 66.1 тк	0	
8	2023-02-04	ефс-1 подраздел 1.2, 2 с 2023 года	1	0	507013	507013	0.978760161778142	ефс-1 с 2023 года подраздел 1.3	0	
8	2023-02-03	пп.2 п. 1 ст. 220 нк рф	0	0	9999	421063	0.978651704333128	п. 1 ст. 54 нк рф	0	
9	2023-02-03	код выполняемой функции 8332,6	0	0	9999	490285	0.978072168162033	коды выполняемой функции	1	
6	2023-02-05	форма 0504082	0	0	9999	438333	0.977630304661475	форма 0504425	0	
8	2023-02-03	подтверждение оквэд в 2023	0	0	9999	501730	0.97730393945674	подтверждение ОКВЭД 2022	0	
6	2023-02-05	подтверждение оквэд 2023	0	0	9999	501730	0.97730393945674	подтверждение ОКВЭД 2022	0	
8	2023-02-03	кнд 1165180	0	0	9999	461275	0.977139343593318	кнд 1150058	0	
9	2023-02-05	типовая форма м-11	0	0	9999	482273	0.977130170914525	типовая форма м-15	0	
6	2023-02-04	заполнение декларации усн 15	1	1	496736	496736	0.977033031637556	заполнение декларации усн	1	
6	2023-02-04	рсв за 1 квартал 2023	0	0	9999	458196	0.976980533453183	рсв за 2 квартал 2022	0	
9	2023-02-04	строка 140-143 усн	1	1	496736	496736	0.976827561406605	усн строка 140	0	
8	2023-02-04	как заполнить строку 031 в 6-ндфл	1	0	434321	434321	0.976677747711991	как заполнить строку 170 6-ндфл	0	
9	2023-02-03	пп 21.5 п. 1 ст 251 нк рф	0	0	9999	421063	0.97615274904836	п. 1 ст. 54 нк рф	0	
9	2023-02-05	абз. 10 п. 3 ст. 217 нк рф	0	0	9999	434434	0.975613893402105	подп. 6 п. 1 ст. 181 нк рф	0	
220	2023-02-04	форма по кнд 1112021	0	0	9999	461242	0.975573891771111	форма по кнд 1150024	0	
9	2023-02-03	пп 19.12п.1 ст 265 нк рф	0	0	9999	434434	0.975362912936164	подп. 6 п. 1 ст. 181 нк рф	0	
6	2023-02-04	пособие до 1,5 лет в 2023	0	0	9999	516449	0.974771378923271	пособие до 1,5 лет в 2022	0	
9	2023-02-03	170 нк рф	0	0	9999	427203	0.973964831891932	нк рф	1	
8	2023-02-03	2-ндфл 2023 срок сдачи	1	1	420280	445698	0.973355580376269	срок сдачи 2-ндфл за 2022 год	0	
9	2023-02-05	учет в арендодателя по 25/2008 фсбу	1	0	421149	421149	0.973068702530716	ФСБУ 252018 учет арендодателя	0	
6	2023-02-04	115-фз статья 6	0	0	9999	427833	0.972893072515626	115-фз статья 7	0	
9	2023-02-03	постановлению правительства российской федерации от 12 марта 2022 г. n 353	0	0	9999	483510	0.97252071313869	правительство российской федерации постановление от 22 сентября 2022 г. n 1677	0	
9	2023-02-03	пп. 1 п. 4.1 ст. 170 нк рф	0	0	9999	421063	0.972274815661707	п. 1 ст. 54 нк рф	0	
9	2023-02-05	типовая форма мх-18	0	0	9999	482273	0.972178489544337	типовая форма м-15	0	
9	2023-02-05	федеральный закон от 21.11.2022 № 439-фз	0	0	9999	487795	0.971898134994707	федеральный закон от 07.10.2022 № 376-фз	0	
9	2023-02-03	27-2 сзв-стаж	0	0	9999	491182	0.971779490003145	сзв-стаж	0	
8	2023-02-04	статья 346.13 нк рф	0	0	9999	421063	0.970983273318575	статья 54.1 нк рф	0	
8	2023-02-05	190 строка 6-ндфл	0	0	9999	434321	0.9704986859107	170 строка в 6-ндфл	0	
8	2023-02-03	списание основных средств 2023 при усн	1	0	409912	409912	0.970120926613011	списание основных средств при усн	1	
188	2023-02-05	3-ндфл кадастровая стоимость 70%	1	0	506978	506978	0.969861215477797	3-ндфл кадастровая стоимость	1	другое
9	2023-02-04	статья 346.21 нк рф	0	0	9999	421063	0.969729610105257	статья 54.1 нк рф	0	
9	2023-02-03	порядок заполнения 2-ндфл в 2023 году	0	0	9999	445698	0.969229709692007	2-ндфл 2022 год заполнение	0	
8	2023-02-03	декларация 6-ндфл за 1 кв-л 2023	0	0	9999	430325	0.969014029529378	декларация 6-ндфл за 1 квартал 2022	0	
6	2023-02-04	видеоинструкция как заполнить декларацию усн 15	0	0	9999	496736	0.968073798563289	как заполнить декларацию по усн	1	
9	2023-02-05	6-ндфл в 4кв 2022 при выплате зарплаты за декабрь в январе 2023	0	0	9999	416138	0.968017517209187	6-ндфл зарплата за декабрь 2022 выплачена в январе 2022	0	
9	2023-02-05	п. 2 ст 219 нк	0	0	9999	421063	0.967407478575808	ст 54 нк	0	
9	2023-02-05	отсрочка по страховым взносам в 2024 году	0	0	9999	509961	0.967361723406576	отсрочка по страховым взносам в 2022 году	0	
8	2023-02-05	заполнение формы кнд 1151162	0	0	9999	461275	0.9672400289776	порядок заполнения форма по кнд 1150058	0	
8	2023-02-05	подраздела 1.2 подраздела 1 и подраздела 3 раздела 1 формы ефс-1;	1	0	507013	513542	0.966382825165181	подраздел 1.2 раздела 1 ефс-1	0	
8	2023-02-03	суммы фиксированных взносов для ип за 2018 год	0	0	9999	495741	0.96578728538386	суммы фиксированных взносы ип 2023 году	0	
8	2023-02-03	заполнение 6-ндфл 3 квартал 2022 года инструкция и пример строка 160	0	0	9999	430325	0.965571384328189	инструкция по заполнению 6-ндфл за 1 квартал 2022 года	0	
9	2023-02-03	пп.4 п. 1 ст. 218 тк	0	0	9999	431295	0.965529320453385	п. 3 ч. 1 ст. 77 тк	0	
9	2023-02-05	окз 5131	0	0	9999	490285	0.96462922331927	окз	1	
6	2023-02-04	1057 гк	0	0	9999	454626	0.963166440987332	гк	1	
9	2023-02-04	ст. 217 нк	0	0	9999	421063	0.962734612481408	ст 54 нк	0	
9	2023-02-03	ст 272 тк	0	0	9999	431295	0.962445790335865	ст 139 тк	0	
6	2023-02-04	счет 68.04.2 закрытие	0	0	9999	499703	0.962189319384105	закрытие счета 90,91	0	
8	2023-02-04	6-ндфл 2023 строка 110 как заполнить	0	0	9999	458200	0.962081457577122	как заполнить 6-ндфл за полугодие 2022 строка 160	0	
8	2023-02-03	код по окфс 12,13, 14 в ефс-1	0	0	9999	513487	0.961847311634168	ефс-1 код окз	0	
9	2023-02-04	строка 140-143 переплата в декларации по усн	0	0	9999	496736	0.961754890902373	строка 124 в декларации усн	0	
9	2023-02-04	инн 9729025867	0	0	9999	470196	0.961753434183141	проверка контрагента по инн инн 8602215368	0	
8	2023-02-03	п 1 ст 252 нк	0	0	9999	421063	0.961699577837317	ст 54 нк	0	
9	2023-02-05	раздел 3,2,1 в новой форме рсв	0	0	9999	479075	0.961631034674014	новая форма рсв	1	
6	2023-02-05	заполнение строки 080 в 6-ндфл в 2020	0	0	9999	434321	0.961582469111166	заполнение 6-ндфл за 2021 год строка 170	0	
8	2023-02-03	заполнение 6-ндфл 3 квартал 2023 года инструкция и пример строка 160	0	0	9999	430325	0.961570545274186	инструкция по заполнению 6-ндфл за 1 квартал 2022 года	0	
9	2023-02-03	страховые взносы 2023 ставка в ит сфере	0	0	9999	516079	0.961381695568986	страховые взносы ставки ит 2022	0	
9	2023-02-03	аванс за декабрь 20222 года 6-ндфл	0	0	9999	416138	0.961360640301571	6-ндфл зарплата за декабрь 2022 года	0	
8	2023-02-03	фз №154-фз от 28.08.1995	0	0	9999	434435	0.961230504059049	фз 173-фз	0	
9	2023-02-03	39-ф форма	0	0	9999	461275	0.960162095209792	форма 1150058	0	
9	2023-02-04	как сдавать в пфр отчет сзв-тд(16/64695)	0	0	9999	490275	0.960008967142872	сзв-тд при приеме когда сдать в пфр	1	
8	2023-02-03	заполнение 6-ндфл за 2022 год при оплате в 2023 году	1	1	506888	438015	0.959533924211446	уточненный 6-ндфл за 2022 год в 2022 году	0	
8	2023-02-03	кбк 11821160516001000000 какой налог	0	0	9999	508398	0.959443269698066	кбк налогов	1	
9	2023-02-03	79710212000061000160	0	0	9999	508398	0.959049486590596	39211607090060000140	0	
9	2023-02-04	заявление о переходе на электронную трудовую книжку трудовой книжке по статье 66.1	1	0	510681	510681	0.959042638399385	заявление при переходе на электронную трудовую книжку	1	
6	2023-02-04	575 гк	0	0	9999	454626	0.958294462014359	гк	1	
9	2023-02-03	п. 2, 5 ч. 1 ст. 6 закона от 27.07.2006 № 152-фз, абз. 1, 2 разъяснений роскомнадзора от 14.12.2012	0	0	9999	477489	0.957912692229585	ч. 1, 2 ст. 22 закона от 27.07.2006 № 152-фз	0	
8	2023-02-03	пп.2 п. 1 ст. 220	0	0	9999	496887	0.957727776142546	пп. 2 ст. 1 263-фз	0	
9	2023-02-03	2-ндфл для сотрудника за 2021 год выдаем в 2023	0	0	9999	445698	0.957421662922691	2-ндфл для сотрудника за 2022 год	0	
6	2023-02-04	п 20.2 пбу	0	0	9999	433357	0.957317229993834	п. 3 пбу 7/98	0	
9	2023-02-04	173-фз от 10.12.2003 п. 1 ч. 1 ст. 19	0	0	9999	434435	0.957163946251322	ч. 2 ст. 14 закона от 10.12.2003 № 173-фз	0	
9	2023-02-03	п. 4 ст. 226 нк	0	0	9999	421063	0.956755669429777	ст 54 нк	0	
6	2023-02-05	пп 1 п 2. ст. 149 нк	0	0	9999	507214	0.956562766994725	пп 6 п 1 ст 254 нк общепроизводственные расходы	0	
8	2023-02-03	2-ндфл 2023 с зарплаты декабря 2022	0	0	9999	416138	0.956035158651602	зарплата за декабрь 2022 в 6-ндфл 2022	0	
6	2023-02-05	ст. 30 п. 2п.6 ч 1	0	0	9999	496887	0.955898321646595	п. 5 ст. 4 263-фз	0	
220	2023-02-04	статья 324.1 налогового кодекса (	0	0	9999	421063	0.955590030902411	статья 54.1 налогового кодекса	0	
8	2023-02-03	подпункт 5 п 1 ст 346,46	0	0	9999	485001	0.955183605804575	подп. 4 п. 2 ст. 4, п. 1 ст. 6 закона от 27.11.2018 № 422-фз	0	
9	2023-02-03	нк 145.1	0	0	9999	427203	0.955002047755398	нк	1	
6	2023-02-05	фз400 ст. 32 п. 6 ч 1	0	0	9999	427833	0.954981578484156	п. 1 ст. 13.2 фз-№115	0	
6	2023-02-05	проверки за ккт с 2023 года	0	0	9999	508362	0.954475919070089	проверки ккт 2022	0	
9	2023-02-03	проводки 77 84 фсбу восстановление амортизации фсбу 6/2020	0	0	9999	418615	0.954414279540559	амортизация по фсбу 6/2020	0	
9	2023-02-05	рсв как заполнить за 1 кв 2023	0	0	9999	512011	0.954266915546083	как отобразить больничный в рсв 1кв 2022	0	
8	2023-02-03	ифнс заявление по форме кнд 1165180	0	0	9999	438045	0.954211947038905	заявление на уточнение платежа в ифнс форма кнд	1	
9	2023-02-03	куда платить взносы на травматизм с 01.01.2023 платежка	1	0	502645	502645	0.95388594232496	взносы на травматизм 2023 куда платить	1	другое
220	2023-02-04	реквизиты для оплаты обязательных страховых взносов ип за 2022 в 2023	0	0	9999	503720	0.953064754277925	размер страховых взносов для ип в 2022 реквизиты	1	другое
8	2023-02-03	постановление правительства рф от 08.02.2002 № 92	0	0	9999	435386	0.953064121868028	постановление правительства рф № 407 от 25.03.22	0	
220	2023-02-05	форма 5-з инструкция по заполнению	0	0	9999	423606	0.952844150091402	инструкция по заполнению ттн формы 1-т	0	
8	2023-02-03	код по окфс 12/13/14	0	0	9999	490285	0.95280232746929	коды окз	0	ошибка
6	2023-02-05	ст. 32 п. 6 ч 1	0	0	9999	485001	0.952284163417727	подп. 4 п. 2 ст. 4, п. 1 ст. 6 закона от 27.11.2018 № 422-фз	0	
6	2023-02-04	пп 7 п 7.1 пбу 1	0	0	9999	433357	0.952068726820842	п. 4 пбу 6	0	
9	2023-02-03	подп. 10 п. 2 ст. 149 нк	0	0	9999	434434	0.952003608850885	подп. 6 п. 1 ст. 181 нк рф	0	
8	2023-02-04	заявление по форме кнд 1165180	0	0	9999	461275	0.951690452368808	форма по кнд 1150058 образец заявления	0	
9	2023-02-03	приказ № 771	0	0	9999	463263	0.951464696545467	приказ 772	0	
8	2023-02-05	производственный календарь на 2019	0	0	9999	1174	0.950127540750292	календарь производственный 2020	0	
9	2023-02-03	списание основного средства по фсбу 6/2020на 31 декабря 2021 года	0	0	9999	418615	0.949833149657962	учет основных средств в 2021 году по фсбу 62020	0	
9	2023-02-05	как в справках 2-ндфл отразить декабрьскую зарплату выплаченную в январе 2023	0	0	9999	445698	0.949764636698813	как отразить в 2-ндфл декабрьскую зарплату	0	
9	2023-02-03	514 гк	0	0	9999	454626	0.949295087460011	гк	1	
6	2023-02-05	письмо фнс от 31.01.2023	0	0	9999	486351	0.948845383534257	информационное письмо фнс	0	
8	2023-02-05	код ошибки в рсв 2.07	0	0	9999	441216	0.94826938204099	пояснение в налоговую по рсв код ошибки 0400400008	0	
8	2023-02-03	бухбаланс расшифровка строки 4500	0	0	9999	485842	0.948169466236074	2300 строка баланса расшифровка	0	
9	2023-02-05	м-19 списание материалов	0	0	9999	500291	0.947752145784391	списание материалов	1	
6	2023-02-05	пункт 16 статьи 270 налогового кодекса	0	0	9999	421063	0.946895416253381	пункт 1 статьи 54 налогового кодекса	0	
8	2023-02-04	18210214010060001160	0	0	9999	508398	0.946882413611575	39211607090060000140	0	
9	2023-02-04	статья 346.21 пункт 3.1 нк рф	0	0	9999	421063	0.946622138579348	статья 54 нк рф	0	
9	2023-02-03	постановление правительства от 15.05.2020 № 683	0	0	9999	444199	0.945940991134994	постановление правительства 776 от 29.04.2021	0	
8	2023-02-03	форма т-61	0	0	9999	435525	0.945675484695536	форма пм-сп	0	
188	2023-02-04	письмо минтруд от 20.01.2023 № 14-6/оот-296	0	0	9999	463272	0.945501624968307	письмо минтруда от 15.03.22 № 15-2/10/в-3156	0	
9	2023-02-03	проводки 77 84 фсбу восстановление амортизации фсбу 6/2020 разница	0	0	9999	418615	0.944838157988573	фсбу 6/2020 амортизация	0	
8	2023-02-04	код 2013 2-ндфл	1	1	420287	420287	0.944604702380943	код 2-ндфл	0	
9	2023-02-03	как правильно заполнить подраздел 1.2 налоговой декларации по налогу на прибыль за 9 месяцев 2022 года	0	0	9999	483740	0.944491950777865	как заполнить декларацию по прибыли за 9 месяцев 2022	0	
9	2023-02-04	ст. 217 нк мобили за	0	0	9999	421063	0.943647045463008	ст 54.1 нк	0	
6	2023-02-05	согласие на обработку персональных данных в 2-23г	0	0	9999	505798	0.943562895776344	согласие на обработку персональных данных изменения 2022 г	0	
9	2023-02-05	2-ндфл указывать ли декабрьскую зарплату выплаченную в январе 2023	0	0	9999	416138	0.943481688148688	6-ндфл зарплата за декабрь выплачена в январе 2022	0	
8	2023-02-03	строка 020 и строка 160 формы 6-ндфл	0	0	9999	434321	0.943220409318812	форма 6-ндфл строка 170	0	
6	2023-02-05	закон 59-фз	0	0	9999	483353	0.943141852047007	закон 53-фз	0	
8	2023-02-03	письмо фнс от 31.01.2023 сд-4-3/1023@	0	0	9999	486351	0.943137028265023	информационное письмо фнс	0	ошибка
9	2023-02-04	трудовой кодекс статья 66.1	0	0	9999	431295	0.94281133124607	статья 59 трудового кодекса	0	
8	2023-02-03	мрот 200	0	0	9999	504542	0.942359567094169	мрот	1	
8	2023-02-03	как учитывается в 2-ндфл доход за декабрь 2022 если он выплачен в январе 2023	0	0	9999	416138	0.942269043309315	как заполнить 6-ндфл за 2022 год если зарплата за декабрь выплачена в январе 2022	0	
8	2023-02-04	штатное расписание на 0.5 ставки	1	0	509472	509472	0.941256297592254	ставка в штатном расписании	1	
6	2023-02-05	письмо фнс от 14.01.2021 № бс-4-11/148	0	0	9999	486351	0.940902239624546	информационное письмо фнс	0	ошибка
9	2023-02-03	подпункт 21.5 пункт 1 статьи 251 налогового кодекса	0	0	9999	421063	0.940190035586281	пункт 1 статьи 54 налогового кодекса	0	
9	2023-02-04	строка 1260 ндс	0	0	9999	497774	0.939651005832653	строка 080 декларации по ндс	0	
9	2023-02-03	письмо фнс от 19.01.2023 № бс-4-11/517@	0	0	9999	486351	0.939650244439909	информационное письмо фнс	0	ошибка
9	2023-02-05	219 нк	0	0	9999	427203	0.93961860110879	нк	1	
6	2023-02-04	фсбу 25/2018 счет 01 и 76	0	0	9999	506561	0.939514515830826	счет 09 и 77 и фсбу 25/2018	0	
8	2023-02-03	как заполнить заявление на зачет взносов по форме 1150057 для уменьшения патента	0	0	9999	487294	0.939288803217731	как заполнить заявление на патент форма 2651	0	
9	2023-02-04	информационное сообщение минфина россии № ис-учет-29 от 03.11.2020	0	0	9999	507180	0.939077420441892	информационное сообщение минфина россии от 19.01.2022 n ис-аудит-50	0	
8	2023-02-03	стандартные вычеты на детей в 2023 году, если первый ребенок старше 23 лет	0	0	9999	434357	0.938925982179754	стандартные вычеты на детей в 2022 году	0	
9	2023-02-03	дсв-3 в 2023	0	0	9999	497642	0.938295675403269	псв 2023	0	
6	2023-02-04	367 гк	0	0	9999	434434	0.938126623018212	181 гк	0	
9	2023-02-03	поставить на учет подразделение с-09-3-1	0	0	9999	411163	0.938066959693666	как поставить на учет обособленное подразделение	1	
9	2023-02-05	6-ндфл 1 квартал 2023 стандартные вычеты	0	0	9999	430325	0.938027195495651	6-ндфл за 1 квартал 20221	0	
6	2023-02-05	приказ от 15 апреля 2021 № 61н	0	0	9999	463263	0.937368960419436	приказ от 29 октября 2021 № 772н	0	
8	2023-02-03	норма списания бензина на уаз 31514	0	0	9999	480097	0.937287725187171	приказ нормы списания бензина	1	
9	2023-02-03	уточненка ндс за 2022 в 2023	0	0	9999	497766	0.93728420871987	уточненный ндс за 2022 год	0	
6	2023-02-05	форма 0510431	0	0	9999	497187	0.937033600454263	форма 1150129	0	
188	2023-02-05	как в бухгалтерском учете и в 6-ндфл отражается зарплата с 2023	0	0	9999	416138	0.937000908989079	как в 6-ндфл отражать зарплату за декабрь 2022	0	
8	2023-02-03	отчет о движении денежных потоков расшифровка строки 4500	0	0	9999	499847	0.936865956546939	отчет о движении денежных средств расшифровка строк	0	
9	2023-02-03	134/118 код вычета	1	0	9999	420278	0.9360538845242	коды на вычет ребенок-инвалид	0	ошибка
220	2023-02-04	строка 134 усн на упрощенцев ханты-мансийск	0	0	9999	496736	0.93595622488189	строка 124 усн	0	
6	2023-02-04	как списать основные средства не отвечающие критерию 100000 при переходе на фсбу 6	0	0	9999	501655	0.935440886366632	как списать с баланса основные средства для перехода на фсбу	0	
9	2023-02-03	больничный 2023 по уходу за ребенком инвалидом сколько дней	0	0	9999	463716	0.935328964653486	оплата больничного сколько дней в году по уходу за ребенком	0	ошибка
9	2023-02-03	расшифровка строки 5551	0	0	9999	485842	0.934996428136024	расшифровка строки строка баланса 1240	0	
9	2023-02-04	срок оплаты пенсионного фонда за 2022 год 1% ип	0	0	9999	503720	0.934290038651314	размер пенсионный взносов для ип в 2022 году	0	
8	2023-02-03	можно ли в 2023 году учесть взносы по ип уплаченные за 2022 с опозданием	0	0	9999	495741	0.933519303826546	фиксированные взносы на ип в 2023 году	0	
6	2023-02-05	письмо фнс от 01.04.2022 № еа-4-15/3971@	0	0	9999	478805	0.933199131305418	письмо от 10.03.2021 № бв-4-7/3060@- далее письмо фнс налоговые оговорки	0	
9	2023-02-03	как указать в декларации за 9 месяцев ежемесячные платежи по налогу на прибыль в 1 квартале и в 4 квартале	0	0	9999	507662	0.932231737123225	как рассчитать ежемесячные авансовые платежи по налогу на прибыль за 1 квартал	0	
220	2023-02-04	приказ № 107н	0	0	9999	434158	0.93176522335716	приказ № 103н	0	
9	2023-02-03	рсв за январь до 25.02.2023	0	0	9999	506886	0.931273504166408	рсв за 2022	0	
188	2023-02-05	ндс иностранное лицо налоговый агент 2023	0	0	9999	508482	0.931101097076074	ндс 2021 налоговый агент	0	
9	2023-02-04	инв-1 пример заполнения	0	0	9999	464733	0.930622649352033	инвойс пример заполнения	1	
9	2023-02-04	заявление о трудовой книжке по статье 66.1	0	0	9999	510681	0.930244415953105	заявление о трудовую книжку	1	
9	2023-02-03	больничный 2023 по уходу за ребенком инвалидом	0	0	9999	502544	0.93015963659522	больничный за уходом за инвалидом	1	
6	2023-02-04	распоряжение правительства российской федерации от 12 октября 2019 n 2406-р	0	0	9999	483510	0.929796699479444	правительство российской федерации постановление от 22 сентября 2022 г. n 1677	0	
8	2023-02-03	расчет стандартных вычетов на последующих детей в 2023 году, если первый ребенок старше 23 лет	0	0	9999	434357	0.929662078528519	стандартные вычеты на детей в 2022 году	0	
9	2023-02-03	ефс-1 за январь до 25.02.2023	0	0	9999	499910	0.929499002711089	ефс-1 с 01.01.2023	0	
9	2023-02-03	образец заполнения заявления по кнд 1150057	0	0	9999	461275	0.929400833738355	форма по кнд 1150058 образец заявления	0	
9	2023-02-03	проводки 77 84 фсбу восстановление амортизации фсбу 6/2020 разница налогового учета	0	0	9999	418615	0.929108954453993	амортизация по фсбу 6/2020	0	
9	2023-02-03	в налоговом учете поставщика затраты на доставку товара покупателю признают в составе расходов, связанных с производством и реализацией (пп. 1 п. 1 ст. 253, ст. 320 нк рф).	0	0	9999	507213	0.928722199835891	списание затрат на внутренний брак предусмотрено пп. 47 п. 1 ст. 264 нк	0	
188	2023-02-05	3-ндфл сумма дохода кадастровая стоимость 70%	0	0	9999	506978	0.92832811922359	3-ндфл кадастровая стоимость	0	
9	2023-02-03	рекомендации р-54/2014-кпр	0	0	9999	420564	0.928210824159989	рекомендация	0	ошибка
220	2023-02-05	письмо фнс россии от 11.01.2023 № зг-3-11/125@	0	0	9999	464193	0.928099811146999	коммерческая осмотрительность письме фнс россии от 10.03.2021 г. № бв-4-7/3060@).	0	
9	2023-02-03	постановление правительства от 29.04.2022 № 776 на 2023 год	1	1	444199	444199	0.928005118334101	776 постановление правительства от 29.04.2022	0	
8	2023-02-04	письмо фнс россии от 01.04.2022 № еа-4-15/3971@	0	0	9999	478805	0.928003891391255	письмо от 10.03.2021 № бв-4-7/3060@- далее письмо фнс налоговые оговорки	0	
9	2023-02-05	с 11.02.2023 меняются кбк	0	0	9999	508398	0.927724486873422	кбк 0920210280	0	
220	2023-02-05	приказ № 66н	0	0	9999	453348	0.927143060975569	приказ 775н	0	
6	2023-02-05	166-фз	0	0	9999	487795	0.926974558325142	376-фз	0	
8	2023-02-05	срок уплаты ндфл с выплаты прочих доходов (4800)	0	0	9999	502104	0.926899945633559	доход в натуральной форме срок уплаты ндфл	0	ошибка
9	2023-02-05	2 части 1 статьи 17.2 федерального закона от 06.04.2011 № 63-фз	0	0	9999	477489	0.926231645649227	части 3 статьи 22 федерального закона от 27.07.2006 № 152-фз	0	
9	2023-02-05	критерий для признания стоимости и сроков полезного использования отдельных частей объекта основных средств существенно отличающимися (п. 10 фсбу 6/2020).	0	0	9999	498225	0.925925393826949	при принятии способа учета основных средств по первоначальной стоимости в рамках фсбу 6/2020 что делать с накопленной переоценкой на сч. 83?	0	
6	2023-02-04	что нужно указать в отчете ефс-1 в подразделе сведения о трудовой (иной) деятельности в столбце 5 и 7 по договорам гпх?	0	0	9999	500858	0.925678254425894	срок предоставления отчета ефс-1 о заключении договора гпх	0	
6	2023-02-04	№ 275н	0	0	9999	453348	0.924946790820492	775н	0	
9	2023-02-05	гост р 7.0.8-2013.	0	0	9999	476782	0.924806811588507	система сертификации гост р	0	
220	2023-02-04	какой отчет надо сдавать до 15 февраля 2023 года	0	0	9999	478738	0.924563152301243	какие отчеты по экологии нужно сдавать за 2022 год	0	
188	2023-02-05	3-ндфл продажа земли авто вычеты 250000 1000000	0	0	9999	502338	0.924529776631967	3-ндфл на продажу земли меньше 1000000 рублей	0	
6	2023-02-05	стоимостный лимит признания активов объектами ос (п. 5 фсбу 6/2020)  100 тыс. руб	0	0	9999	434447	0.923468386918161	фсбу 6 лимит ос	0	
6	2023-02-05	заполнение декларации по налогу на имущество раздел 2.1 строка 050	0	0	9999	487116	0.922917819371409	заполнение раздела 4 декларации по налогу на имущество	0	
9	2023-02-03	выплата по статье 279 тк	0	0	9999	431295	0.922221657607072	статья 136 тк	0	
8	2023-02-03	ефс-1 за январь до 27 февраля 2023 сзв-м	0	0	9999	497642	0.922220800408364	сзв-м за январь 2023	0	
9	2023-02-05	и закон краснодарского края от 28 ноября 2019 года № 4170-кз об инвестиционном налоговом вычете по налогу на прибыль организаций	0	0	9999	504460	0.922203008669793	закон республики башкортостан от 29 июня 2020 г. n 285-з о применении на территории республики башкортостан инвестиционного налогового вычета по налогу на прибыль организаций	0	
9	2023-02-03	44 счет в декларации по налогу на прибыль	0	0	9999	485614	0.922069488786853	декларации по налогу на прибыль	0	
9	2023-02-05	федерального закона от 06.04.2011 № 63-фз	0	0	9999	496887	0.921818950476029	федеральный закон № 263-фз	0	
220	2023-02-04	как посчитать под расчет при увольнении п. 2 ч. 1 ст. 278	0	0	9999	508155	0.921313572423222	приказ об увольнении ст 77 п 3	0	
8	2023-02-03	как заполнить лицевой счет т-54	0	0	9999	464733	0.920992411666898	как заполнить счет инвойс	0	ошибка
9	2023-02-04	инструкция цб рф от 30 мая 2014 № 153-и	0	0	9999	434434	0.920975144590345	инструкция цб рф от 16.08.2017 № 181-и	0	
6	2023-02-05	п. 16 ст. 270налогового кодекса	0	0	9999	454626	0.920271884141252	гражданский кодекс п. 2 ст. 314	0	
6	2023-02-05	как в бухгалтерии 1с 7.7 перейти на енп	0	0	9999	483176	0.920136197492017	енп как перейти	0	ошибка
188	2023-02-05	3-ндфл сумма дохода кадастровая стоимость 0,7	0	0	9999	506978	0.919911043833403	3-ндфл кадастровая стоимость	0	
9	2023-02-03	форме 26.2-7	0	0	9999	461275	0.919234654593174	форма 1150058	0	
9	2023-02-03	форма 26.2-7	0	0	9999	461275	0.919234654593174	форма 1150058	0	
6	2023-02-05	увязка формы 3 с балансом 2023	0	0	9999	506960	0.919082464685258	форма баланс 2022 0710099	0	
9	2023-02-03	проводки 77 84 фсбу	0	0	9999	506561	0.918988676013603	фсбу 25/2018 и счет 09 и 77	0	
8	2023-02-04	налог на имущество : 28 января 2022 года предприятие продало облагаемый объект недвижимости , за какой период начисляется налог на имущество	0	0	9999	508430	0.917875179370563	объект налог на имущество среднегодовая 2022	0	
8	2023-02-04	доход по зарплате работодатель признал доходом декабря 2022 , а налог уплатил до 30 января 2023	0	0	9999	490457	0.917058955799731	налоги и взносы с зарплаты за декабрь 2022 когда заплатить	0	
8	2023-02-03	гост 21.201-2011	0	0	9999	477261	0.916860273313863	аптечка гост	0	ошибка
9	2023-02-04	с 08 отправить на 84 счет фсбу	0	0	9999	429774	0.916565319586242	ФСБУ запасы счет 08	0	
9	2023-02-05	срок сдачи декларации и уплата упрощенца на 6%	0	0	9999	498821	0.916165953930048	сроки сдачи декларации по усн и уплаты	1	
6	2023-02-05	приказ № 209н	0	0	9999	453349	0.916067136101338	приказ № 406н	0	
6	2023-02-05	поправки в перечень кбк с 08.01.2023	0	0	9999	508398	0.915994715850067	перечни кбк на 2023 год	0	
9	2023-02-03	образец заполнения заявления по крд1150057	0	0	9999	461275	0.915780647809939	1150058 образец заполнения	0	
8	2023-02-05	кнд 1151054. налоговая декларация по налогу на добычу полезных ископаемых	0	0	9999	425933	0.915289799658027	срок уплаты налога на добычу полезных ископаемых	0	ошибка
8	2023-02-03	отчет ефс-1 гр.10	0	0	9999	499910	0.915136964165903	отчет ЕФС-1	0	
9	2023-02-03	поставить на учет подразделение с-09-3-1 срок	0	0	9999	411163	0.915053131834101	как поставить на учет обособленное подразделение	1	
9	2023-02-05	п-2 в росстат	0	0	9999	488375	0.913550808102787	росстат п-4	0	
9	2023-02-03	возврат денежных средств покупателю 2023	0	0	9999	459381	0.913476548546111	возврат аванса денежных средств покупателю основание		
9	2023-02-04	баланс в какой строке учитывать ндс 76.07..9	0	0	9999	506614	0.913472240301479	по какой строке бухгалтерского баланса отражать ндс по лизинговым платежам		
6	2023-02-04	постановление правительства рф от 8 августа 2009 654	0	0	9999	435386	0.913316166143608	постановление правительства рф № 407 от 25,03,2022		
9	2023-02-03	5 дней с даты отправки квитанции о приеме требования	0	0	9999	403662	0.913160543934693	срок для отправки квитанции о приеме требования		
6	2023-02-05	приложение n 2 к письму фнс россии от 29.08.2022 № аб-4-19/11332	0	0	9999	464193	0.913035171781295	коммерческая осмотрительность письме фнс россии от 10.03.2021 г. № бв-4-7/3060@).		
8	2023-02-04	федеральный закон от 12.01.1995 n 5-фз  о ветеранах	0	0	9999	477488	0.9130311287585	федеральный закон от 13.03.2006 n 38-фз		
9	2023-02-03	изменения в платежках с 11 февраля 2023	0	0	9999	516498	0.912950495978405	изменения февраля 2023		
6	2023-02-04	пример уведомления тс-1 от организации - плательщика торгового сбора	0	0	9999	464039	0.912508297208425	уведомление о снятии с учета плательщика торгового сбора		
9	2023-02-03	порядок, утвержденным приказом мсх рф от 01.10.2021 № 687	0	0	9999	425477	0.912492556789243	приказ мт рф от 15.09.2021 № 632н		
9	2023-02-03	постановление правительства от 12.02.2020 г. № 137	0	0	9999	444199	0.912361027387546	постановление правительства № 776 от 29.04.2022 г		
9	2023-02-05	постановление правительства рф от 10 февраля 2018 n 146 об утверждении правил предоставления субсидий из федерального бюджета российским производителям на компенсацию части затрат	0	0	9999	517232	0.912322174081363	постановление правительства рф от 30 сентября 2019 г. n 1279 о планах-графиках закупок и о признании утратившими силу отдельных решений правительства российской федерации (с изменениями и		
8	2023-02-04	надо ли указывать в персонифицированных сведениях о физических лицах в строке 070 зарплату за декабрь 2022 , выплаченную в январе 2023	0	0	9999	497642	0.911215558855704	персонифицированные сведения о физлицах с 1 января 2023		
9	2023-02-03	приказ минкомсвязи рф от 03.11.2011 n 298	0	0	9999	434158	0.911151484742034	приказ минтруда рф от 21.02.2019 n 103н		
8	2023-02-04	статья 346.19 и пункт 7 статьи 346.21 нк	0	0	9999	466778	0.910858364839939	налоговый мониторинг пункт 2 абзац 5 статья 93 нк		
9	2023-02-05	280 налогового кодекса	0	0	9999	427203	0.910448183129285	налоговый кодекс		
8	2023-02-04	проверка соотношения строки 6240 отчета о целевом использовании средств с отчетом о финансовых результатах	0	0	9999	505771	0.910196174440526	проверка отчет о финансовых результатах строка 2410		
9	2023-02-05	что обозначает код дети в графе 7 подраздела 1.2 формы ефс-1?	0	0	9999	513542	0.910020567079984	как заполнить подраздел 1.2. подраздела 1 формы ефс-1		
8	2023-02-05	министерство экономического развития российской федерации федеральная служба государственной статистики приказ от 29 июля 2022 n 532	0	0	9999	463272	0.909886569391713	проект приказа минтруда россии о приостановлении действия приказа министерства труда и социальной защиты российской федерации от 29 октября 2021 года n 772н		
8	2023-02-05	как подать уведомление в ифнс при уплате ндфл за 2ю половину января и 1-ю половину февраля 2023	0	0	9999	515327	0.909886135193705	когда подать уведомление о начисленных ндфл декабрь при выплате в январе 2023		
8	2023-02-05	ндфл в программе камин 5.0 удержание за первую половину месяца	0	0	9999	500890	0.909800338761945	ндфл зарплата за первую половину месяца		
9	2023-02-03	лизинг ос в 2019	0	0	9999	421149	0.909535511096766	учет аренды и лизинга ос 2022		
188	2023-02-04	97.11 план счетов налоговый учет	0	0	9999	46917	0.909276961021635	план счетов бухгалтерского учета		
9	2023-02-03	в упд указывать код страны 643 для ндс	0	0	9999	431592	0.907414213101975	упд без ндс		
6	2023-02-04	как заполнить 0601016 приказ № 533 от 29.07.2022 форма мп микро сведения об основных показателях деятельности микропредприятия за 2022 раздела 4	0	0	9999	435525	0.906929176403418	0601013 - форма № пм.сведения об основных показателях деятельности малого предприятия		
8	2023-02-05	пример кнд 1151054. налоговая декларация по налогу на добычу полезных ископаемых	0	0	9999	425933	0.906580908873922	срок уплаты налога на добычу полезных ископаемых		
8	2023-02-03	кадастр отходов если 0.15тонн то можно не сдавать отчет	0	0	9999	478741	0.906303553794023	кто должен сдавать отчет в кадастр отходов		
9	2023-02-03	постановление № 2239 от 07.12.2022	0	0	9999	483353	0.906099501135446	постановление № 1677 от 22.09.2022		
9	2023-02-03	если территориально отдаленные объекты недвижимости располагаются в разных регионах россии, налог уплачивайте по ставке, установленной в данном субъекте рф (ст. 385 нк рф).	0	0	9999	436339	0.905525982277639	налоговые ставки по водному налогу установленные в пункте 1 статьи 333.12 нк рф применяются в 2022 году		
8	2023-02-03	справка 2-ндфл за январь 2023 выплата окончат.расчета 10.02.2023 как выглядит	0	0	9999	438016	0.904798558085036	как сдать корректировку справки 2 ндфл в 6-ндфл за 2021 год		
9	2023-02-03	т-61 обязательная форма	0	0	9999	423606	0.904401837255582	обязательна ли новая форма ттн		
8	2023-02-05	статья 2 закона n 582-зо	0	0	9999	434435	0.904217978044193	части 2 статьи 12 федерального закона от 10.12.2003 n 173-фз		
9	2023-02-05	гост р 70360-2022. метрополитены. верификация закупленной продукции	0	0	9999	476782	0.904145527104079	система сертификации гост р		
9	2023-02-03	инвентаризация 71 счета	0	0	9999	486553	0.903303750531342	инвентаризация счета 51		
9	2023-02-03	рекомендации бмц р-54/2014-кпр	0	0	9999	418615	0.90324930274859	рекомендации бмц про фсбу 6		
9	2023-02-04	с 08 отправить на 84 счет переход на фсбу	0	0	9999	429774	0.90220356897997	ФСБУ запасы счет 08		
9	2023-02-03	если ос оприходовано на счет 08, но не введено в эксплуатацию, нужно ли формировать проводку дт86 кт83	0	0	9999	440550	0.902058231690564	подскажите, как оформить переходный период учета возвратной тары с сч. 10,4 и 76,6 на забалансовый 012. у поставщика передача была оформлена дт 76.06 кт 10.4, зависла сумма по дт 76.06. (залог не		
8	2023-02-03	код по окфс 12,13, 14	0	0	9999	490285	0.902007428808642	коды окз		
9	2023-02-03	указ президента рф от 25.07.2006 n 765 о единовременном поощрении лиц, проходящих (проходивших) федеральную государственную службу перечень видов заработной платы и иного дохода, из которых	0	0	9999	501845	0.901941747976197	указ президента рф от 3 мая 2022 г. n 252 о применении ответных специальных экономических мер в связи с недружественными действиями некоторых иностранных государств и международных организаций		
8	2023-02-03	как отразить ндфл по декабрьской зар.плате выплаченной 30.12.2022	0	0	9999	467302	0.901220547710823	есть вебинар, как теперь в 2023 году начислять заработную плату и удерживать ндфл		
6	2023-02-04	№ 278н	0	0	9999	453348	0.900822867212246	775н		
6	2023-02-04	бухгалтерский счет 68.04.2 закрытие	0	0	9999	499703	0.900777606142733	закрытие счета 90,91		
9	2023-02-04	1-транспорт кто сдает	0	0	9999	488375	0.900652216561724	п-4 кто сдает		
9	2023-02-03	можно ли в упд указывать код страны 643 для ндс	0	0	9999	501359	0.900632519092997	заполнение упд без ндс прослеживаемость		
9	2023-02-03	как оплачивать страховые взносы в 203	0	0	9999	503166	0.900546498750659	налог для самозанятых, страховые взносы как оплачивать?		
8	2023-02-05	учет ндфл в программе камин 5.0 удержание за первую половину месяца	0	0	9999	500890	0.900409962626512	зарплата за первую половину месяца ндфл		
9	2023-02-04	постановление № 2529 от 30.12.2022	0	0	9999	483353	0.900183680058029	постановление № 1677 от 22.09.2022		
9	2023-02-04	строка5574	0	0	9999	485842	0.899957137237841	расшифровка строки строка баланса 1240		
9	2023-02-04	строка 5574	0	0	9999	485842	0.899957137237841	расшифровка строки строка баланса 1240		
6	2023-02-05	приказа минфина россии от 6 декабря 2010 № 162н	0	0	9999	453348	0.899748350944648	приказ минтруда россии от 29/ 10/ 2021 № 775н		
9	2023-02-04	2-ндфл за 22г. если зп за декабрь выплачена в январе 23г.	0	0	9999	489548	0.899657623961358	ндфл с зарплаты за декабрь,выплаченной в январе 22 г.		
8	2023-02-03	182 1 02 01010 01 1000 160 что это	0	0	9999	494805	0.899149512136861	кбк 182 1 01 02080 01 0000 110 15% ндфл		
8	2023-02-03	постановление от 17 января 2023 года № 28	0	0	9999	444199	0.898979796641647	постановление от 29 апреля 2022 года № 776		
9	2023-02-03	в какой момент нужно формировать проводку дт86 кт83	0	0	9999	440550	0.898895089462683	переходный период учета возвратной тары с сч. 10,4 и 76,6 на забалансовый 012. у поставщика передача была оформлена дт 76.06 кт 10.4, зависла сумма по дт 76.06.		
9	2023-02-03	письмо минфина № 03-03-06/1/67181	0	0	9999	472619	0.898827732244947	письмо минфина криптовалюта		
9	2023-02-03	как заполнить график работы сотрудников при шестидневной рабочей недели 1/2	0	0	9999	431715	0.898416446817681	график работы сотрудника на неполном рабочем времени		
9	2023-02-04	счет 69.9 с 2023 года	0	0	9999	506595	0.898400555786185	оплата счета в 2022 году		
9	2023-02-03	указ президента рф от 25.07.2006 n 765  о единовременном поощрении лиц, проходящих (проходивших) федеральную государственную службу	0	0	9999	501845	0.898026518223282	постановлением правительства рф от 11.05.2022 № 851 о мерах по реализация указа президента российской федерации от 3 мая 2022 г. n 252		
220	2023-02-05	форма 5-з рекомендации по заполнению	0	0	9999	423606	0.897899143323221	заполнение ттн формы сп-32		
9	2023-02-03	проводки 77 84 фсбу восстановление амортизации	0	0	9999	418615	0.897086205176784	начисление амортизации по фсбу 6		
8	2023-02-03	ст. 1, федеральный закон от 06.12.2021 n 390-фз о федеральном бюджете на 2022 год и на плановый период 2023 и 2024 годов	0	0	9999	501845	0.896106009515057	№ 252/2021-оз о бюджете московской области на 2022 год и на плановый период 2023 и 2024 годов		
9	2023-02-05	отчет п-2	0	0	9999	488375	0.896100552913119	отчет п-4		
9	2023-02-05	статьи 17.2 федерального закона от 06.04.2011 № 63-фз	0	0	9999	485001	0.895380307328637	статьях 4 и 6 федерального закона от 27.11.2018 № 422-фз.		
9	2023-02-03	постановление правительства рф от 24.11.2021 n 2024  о правилах казначейского сопровождения (вместе с правилами казначейского сопровождения, осуществляемого федеральным	0	0	9999	464070	0.895269021267434	постановление правительства правил казначейского сопровождения		
8	2023-02-04	как исправить ошибку при проверке подраздела 3.2.1 к разделу 3?	0	0	9999	428015	0.894447666597335	исправление ошибок в рсв-1 раздел 3		
6	2023-02-04	№ 184н	0	0	9999	425477	0.894175222034879	632н		
9	2023-02-03	письмо фнс россии от 28.12.2022 n зг-3-11/14974@ указали, как применять стандартный вычет, если зарплату за вторую половину декабря выдают в январе	0	0	9999	432812	0.893998898103533	возврата излишне удержанной налоговым агентом суммы ндфл с дохода в виде материальной выгоды, полученной в 2021-2022 годах письмо фнс россии от 28.03.2022 n бс-4-11/3695@в отношении обложения		
9	2023-02-03	когда сдается 1151162	0	0	9999	500858	0.892243744882594	когда сдается ефс 1		
8	2023-02-04	до 15 декабря направьте в фсс два документа	0	0	9999	477615	0.891651020679874	как возместить больничный из фсс до 31 декабря 2022		
220	2023-02-04	1-оса заполнение	0	0	9999	423606	0.891611691162168	заполнение ттн		
9	2023-02-03	фнс от 14.11.2022 № ед-7-19/1086	0	0	9999	497187	0.891427409573839	пояснения для фнс № 1150129		
8	2023-02-03	дебетовый остаток на счету 81.09	0	0	9999	499703	0.891279644917412	остаток по дебету счета 09 при реформации баланса		
6	2023-02-05	можно ли списать единовременно приобретенную офисную мебель до 40000,00 организация осно	0	0	9999	507214	0.891081149186578	организация купила принтер стоимостью 8 тыс. можно в учете не списывать или нужно списать на общехозяйственные расходы?		
8	2023-02-03	письмо минтруда россии от 01.02.2002 № 625-вв	0	0	9999	463272	0.890793664265775	письмо минтруда от 15.03.22 № 15-2/10/в-3156		
8	2023-02-05	областной закон о налоге на имущество организаций 204-25 оз архангельская область	0	0	9999	500554	0.890723303848964	областной закон ленинградской области о транспортном налоге		
220	2023-02-04	1-ос заполнение	1	1	465506	423606	0.889684199246188	заполнение ттн		
9	2023-02-03	в какой строке баланса отразить полученную субсидию отраженную на 98 счете	0	0	9999	485842	0.889639075242929	в какой строке бухгалтерского баланса отражается 46 счет в 2022 год		
9	2023-02-05	от 21.12.2022 № 804н	0	0	9999	453348	0.889391299157292	от 29.10.2021 № 775н		
9	2023-02-03	постановление № 2438 от 26.12.2022	0	0	9999	483353	0.888730889356516	постановление № 1677 от 22.09.2022		
9	2023-02-03	акт сверки с 2023	0	0	9999	458457	0.888610685086522	акты сверки		
9	2023-02-04	за 2022 год сумма, не подлежащая обложению страховыми взносами в соответствии со ст. 422 нк	0	0	9999	476270	0.887734754119567	прекращение использования усн на добровольной основе при подаче уведомления в налоговую (п. 6 ст. 346.13 нк рф). его нужно направить в ифнс не позже 15 января года, с начала которого осуществляется		
9	2023-02-05	когда выдавать аванс в феврале, если 25.02.2023 выходной?	0	0	9999	491348	0.887511004863246	аванс нужно платить за 15 дней . как выплатить аванс в январе 2023г. с учетом выходных		
9	2023-02-05	отчет 1-услуги	0	0	9999	508166	0.88678593281475	отчет у смпсп		
9	2023-02-03	порядка заполнения декларации по налогу на прибыль, утвержденного приказом фнс рф от 23.09.2019 n ммв-7-3/475@)	0	0	9999	502478	0.886728335979162	согласие на признание сведений, составляющих налоговую тайну, общедоступными, в соответствии с пп. 1 п. 1 с. 102 нк рф по форме, утвержденной приказом фнс россии от 15.11.2016 № ммв-7-17/615@,		
6	2023-02-04	строка 5287 пояснений как заполняется	0	0	9999	436283	0.886631830856504	как заполняется строка 5а в счет-фактуре		
6	2023-02-05	0504220	0	0	9999	438333	0.886533567383339	0504425		
6	2023-02-05	по какой строчки в балансе отражать счет 63	0	0	9999	485842	0.886456084002055	в какой строке бухгалтерского баланса отражается 46 счет в 2022 год		
6	2023-02-04	код вычета 503 в справке о доходах в 2023 году	0	0	9999	431978	0.886301965804639	код дохода в платежке на отпускные в 2022 году		
9	2023-02-05	письмо от 26 апреля 2022 шю-4-13/5078@	0	0	9999	1058	0.886094329603668	письмо от 9 июля 2020 г. № 29-1-1-оэ/10561		
8	2023-02-03	кому нужно сдавать отчет мп(микро) окуд 0601016	0	0	9999	435525	0.88572043390528	форма пм окуд 0601013		
6	2023-02-04	№ 260н	0	0	9999	453348	0.885693554673612	775н		
9	2023-02-05	постановлению госкомстата рф от 28 ноября 1997 n 78	0	0	9999	431656	0.885587659532886	постановление правительства рф от 16 09 2020 n 1479		
9	2023-02-04	письмо министерства транспорта рф от 12 марта 2020 № д3-511-пг	0	0	9999	425477	0.885351789752998	приказ министерства труда и социальной защиты рф от 15 сентября 2021 г. n 632н		
6	2023-02-05	укажите код из приложения 1 к приказу фнс от 10.09.2015 № ммв-7-11/387@	0	0	9999	506978	0.88384036727776	3ндфл приказ фнс от 03.10.2018 г. № ммв-7-11/569		
9	2023-02-03	существенная ошибка прошлого периода можно ли списать затраты за счет 84 прошлые периоды	0	0	9999	505997	0.883431841241896	ошибка в предыдущем периоде не списана себестоимость товара		
9	2023-02-05	сзв-тд не принят ошибка 50 что делать	0	0	9999	490275	0.883399251524254	когда нужно подать сзв-тд на принятых работников		
9	2023-02-03	статьей 269 в офр	0	0	9999	503724	0.882814992772225	ОФР		
6	2023-02-05	инвентаризация сч. 51,52	0	0	9999	486806	0.882452879542091	инвентаризация сч 08		
8	2023-02-03	как списать предоплату по балансовому счету 60.02 нереальную к взысканию	0	0	9999	500310	0.882259854983741	как отразить на забалансовом счете обеспечительный платеж		
220	2023-02-05	какие суммы отражаются в строке 2520 офр	0	0	9999	483981	0.882074841378101	в какой строке офр отразить расходы по созданию резерва тмц		
9	2023-02-03	закон саратовской области № 18-зсо от 18.02.2021	0	0	9999	500554	0.881933529472002	закон московской области о транспортном налоге в московской области		
9	2023-02-03	заявление в налоговую 1114237	0	0	9999	466773	0.881664633413728	заявление на налоговый мониторинг		
8	2023-02-05	письмо министерства регионального развития рф от 23 декабря 2009 n 43868-ск/08	0	0	9999	434158	0.88121490896736	министерства труда и социальной защиты рф от 21 февраля 2019 г. n 103н		
9	2023-02-05	уплата налогов 275-фз	0	0	9999	503173	0.880594500219788	самозанятый уплата налога		
8	2023-02-05	приложение n 1 к постановлению минтруда россии от 31.12.2002 n 85	0	0	9999	454986	0.880446854747845	приказ минтруда россии от 31.01.2022 n 37		
9	2023-02-05	а.в. львов в 2023 году получает зарплату - 500 000 руб. в период с 01.07.2022 по 01.02.2023 сотрудник работал за пределами рф. с 02.02.2023 по 09.09.2023 сотрудник работал в рф, с 10.09. до	0	0	9999	444199	0.879981845526988	постановление правительства рф от 29 апреля 2022 г. n 776 об изменении сроков уплаты страховых взносов в 2022 году		
9	2023-02-03	кнд 11501121 заявление	0	0	9999	487292	0.879910878308531	кнд 1150010 заявление на получения патента		
9	2023-02-03	как заполнить график работы сотрудников при шестидневной рабочей недели 1/2 на 2022	0	0	9999	431715	0.879785603762579	график работы сотрудника на неполном рабочем времени		
9	2023-02-03	о ставке налога при применении упрощенной системы налогообложения (с изменениями на 10 июня 2022 года)	0	0	9999	455419	0.879686911272376	упрощенная система налогообложения с 2022 года		
6	2023-02-05	компания перешла на фсбу 14. первоначальная стоимость нма равна 250 000 руб. сумма начисленной амортизации - 75 000 руб. организация проводит переоценку один раз на конец года. на 31 декабря	0	0	9999	440532	0.879614625626301	стоимость компьютер менее 50000 руб как перевести в забалансовое по фсбу 06		
9	2023-02-03	в какой момент нужно формировать проводку дт86 кт83 в нко	0	0	9999	440550	0.879193864135206	подскажите, как оформить переходный период учета возвратной тары с сч. 10,4 и 76,6 на забалансовый 012. у поставщика передача была оформлена дт 76.06 кт 10.4, зависла сумма по дт 76.06. (залог не		
8	2023-02-03	11821160516001000000 какой налог	0	0	9999	507380	0.879108039739717	какие налоги платим с дивидендов		
8	2023-02-03	сотрудник заболел 27.01 а больничный открыт 03.02 как быть	0	0	9999	516450	0.878836487104631	как работнику открыть больничный		
220	2023-02-05	ставка страховых взносов для расчета резерва 26,6	0	0	9999	517351	0.878649975535839	ставки страховых взносов		
6	2023-02-04	счет 59 баланс	0	0	9999	485842	0.878586564889403	счет 97 в балансе		
9	2023-02-04	отчетный налоговый период 34	0	0	9999	513164	0.878455053099073	коды отчетных и налоговых периодов в уведомлении .		
220	2023-02-05	какие суммы отражаются в строке 2530 офр	0	0	9999	483981	0.878387424638792	в какой строке офр отразить расходы по созданию резерва тмц		
220	2023-02-05	в каких случаях надо делать проводку по дт 007	0	0	9999	440550	0.878098553614495	подскажите, как оформить переходный период учета возвратной тары с сч. 10,4 и 76,6 на забалансовый 012. у поставщика передача была оформлена дт 76.06 кт 10.4, зависла сумма по дт 76.06. (залог не		
220	2023-02-05	письма минфина от 09.02.2021 № 03-11-11/8265	0	0	9999	472619	0.878081285757904	письмо минфина криптовалюта		
8	2023-02-03	сопроводительный лист,приложение 5 форма 5-а	0	0	9999	469856	0.877984910364759	форма опросного листа 16-03/069083@ от 31.07.2012		
9	2023-02-03	797 1 02 12000 06 1000 160	0	0	9999	508398	0.87747971246978	2 07 10040 04 0000 191		
9	2023-02-03	отсрочка по страховым взносам постановление № 28 от 17.01.2023	0	0	9999	509961	0.877440357231322	страховые взносы отсрочка в 2022		
6	2023-02-04	№ 61н	0	0	9999	453348	0.877333397113605	775н		
8	2023-02-03	частью 3 статьи 17.14 кодекса российской федерации об административных правонарушениях	0	0	9999	454626	0.877311021543965	статья 425 гражданского кодекса российской федерации		
6	2023-02-04	повышающий коэффициент 1,5 к расходам на доработку программы,на усн	0	0	9999	432787	0.876323174345766	усн доходы минус расходы ставка коэффициент санкт-петербург		
9	2023-02-05	письме минфина россии от 28.03.2022 n 03-03-06/1/24632	0	0	9999	507180	0.876292867215533	информационное сообщение минфина россии от 19.01.2022 n ис-аудит-50		
6	2023-02-04	№ 274н	0	0	9999	453348	0.87613584118912	775н		
6	2023-02-04	повышающий коэффициент 1,5 к расходам на доработку программы, по которой приобретены исключительные права на усн	0	0	9999	507880	0.875828481597528	бухучет усн прав на программные продукты 1с неисключительные права		
9	2023-02-04	приказ фнс рф от 29.09.2022 n ед-7-11/878@	0	0	9999	425477	0.875668658104891	приказ минтруда рф от 15.09.2021 n 632н		
6	2023-02-05	24 мая 2022 № 82н	0	0	9999	425477	0.875510013982709	632н от 15 сентября 2021		
220	2023-02-05	какие операции отражаются в строке 2530офр	0	0	9999	483981	0.875461179664488	в какой строке офр отразить расходы по созданию резерва тмц		
220	2023-02-05	отработал с 9 января по 31 января	0	0	9999	420449	0.87510491531773	как определить продолжительность отпуска в январе 2022 с учетом нерабочих дней с 1 января по 9 января 2022		
9	2023-02-03	постановление от 31 декабря 2004 г. № 908 об утверждении перечней кодов видов продовольственных товаров и товаров для детей, облагаемых налогом на добавленную стоимость по налоговой ставке 10	0	0	9999	501326	0.874729734690516	перечень прослеживаемых товаров утвержден постановлением правительства российской федерации от 01.07.2021 № 1110 об утверждении перечня товаров, подлежащих прослеживаемости, куда вошли девять кодов		
6	2023-02-04	№ 124н	0	0	9999	453348	0.874715060004159	775н		
9	2023-02-03	заполнение инв-1а	0	0	9999	464733	0.874103442036843	заполнение инвойса		
9	2023-02-05	книга вести книгу доходов 6%	0	0	9999	479778	0.873876382168452	можно ли вести 2 кассовые книги		
8	2023-02-03	на второго ребенка в возрасте до 18 лет, а также на каждого учащегося очной формы обучения, аспиранта, ординатора, интерна, студента, курсанта в возрасте до 24 лет родителю, супруге (супругу)	0	0	9999	445829	0.872689355138526	пособие на детей 8-17 лет которые воспитываются одинокими родителями		
8	2023-02-03	начисление сои с 01.09.2022 года	0	0	9999	419908	0.872053452251066	начисление отпускных в 2022 году		
6	2023-02-04	№ 191н	0	0	9999	453348	0.870936848096043	775н		
9	2023-02-03	учет по форме м-29	0	0	9999	488286	0.870793266588296	форма ф-6 по воинскому учету		
9	2023-02-03	письмо от 21 октября 2013 n ммв-20-3/96@ об отсутствии налоговых рисков при применении налогоплательщиками первичного документа, составленного на основе формы счета-фактуры	0	0	9999	516691	0.86964421740114	письмо департамента налоговой и таможенно-тарифной политики минфина рф от 16 марта 2006 г. n 03-03-04/2/77 о документальном подтверждении расходов, связанных с содержанием автомобилей, используемых в		
8	2023-02-05	письмо министерства регионального развития рф от 23 декабря 2009 43868-ск/08	0	0	9999	516691	0.868685265422841	письмо департамента налоговой и таможенно-тарифной политики минфина рф от 16 марта 2006 г. n 03-03-04/2/77 о документальном подтверждении расходов, связанных с содержанием автомобилей, используемых в		
8	2023-02-04	дебет 84 кредит 10	0	0	9999	483982	0.86813457811848	строке 5401 пояснений в графе оборот запасов между их группами (видами) указывайте разницу по проводкам дебет 10 кредит 20 (23,28,29,41,43) и дебет 20 (23,25,26,28,29,44,97) кредит 10.		
9	2023-02-04	в поле 107 платежного поручения что ставить - мс.01.2023 период, за который начислен платеж	0	0	9999	515327	0.86804813267697	назначение платежа при оплате ндфл платежным поручением без уведомления в 20233		
9	2023-02-03	типовые нормативы времени на работы по бухгалтерскому учету и финансовой деятельности в государственных (муниципальных) учреждениях. шифр 14.08.01 (утв. фгбу нии тсс минтруда россии 07.03.2014 n	0	0	9999	453348	0.867913207659315	приказ минтруда россии от 28.10.2021 n 765н об утверждении типовых форм документов, необходимых для проведения государственной экспертизы условий труда		
8	2023-02-05	приказ № 462 от 30.07.2021	0	0	9999	425477	0.867769691030799	приказ 632н от 21.09.2021		
9	2023-02-04	постановление № 2571 от 31.12.2022	0	0	9999	435386	0.867093549370437	постановление правительства от 25.05.2022 № 407		
9	2023-02-03	кто платит взносы нр 10%	0	0	9999	509961	0.865233197302512	Путин отменил страховые взносы в октябре — 2022. Кому можно не платить взносы		
8	2023-02-03	форма № 1-услуги сведения об объеме платных услуг населению	0	0	9999	9559	0.865136126019853	договор на оказание логистических услуг форма		
8	2023-02-03	письмо минфин от 30.01.2023	0	0	9999	472619	0.865111851489489	письмо минфина криптовалюта		
220	2023-02-04	п 27-фз	0	0	9999	456914	0.864669114409605	п. 2 ст. 22 фз от 24.07.1998 № 125-фз		
8	2023-02-05	закон краснодарского края от 15 декабря 2004 n 808-кз о мерах социальной поддержки отдельных категорий жителей краснодарского края	0	0	9999	504540	0.864417573405017	прожиточный минимум приморский край май 2022г.		
8	2023-02-04	трудовой договор с директором на ,05 ставки	0	0	9999	447171	0.864416497259911	трудовой договор 0.5 ставки		
6	2023-02-05	инструкции № 157н	0	0	9999	463263	0.864350456646047	772н разработка инструкций		
9	2023-02-03	приказ № 711	0	0	9999	425477	0.864096294723651	632 приказ		
8	2023-02-03	письмо минфина от 26.07.2022 № 03-15-05/71804)	0	0	9999	472619	0.863281453646798	письмо минфина криптовалюта		
8	2023-02-04	приказ росстата от 01.11.2022 n 794	0	0	9999	454986	0.862238897763909	приказ минтруда россии от 31.01.2022 n 37		
9	2023-02-03	письма минфина россии от 10.10.2018 № 07-01-07/72806	0	0	9999	472619	0.861805361258497	письмо минфина криптовалюта		
6	2023-02-04	№ 254н	0	0	9999	453349	0.861631781094733	№ 406н		
9	2023-02-04	9729025867	0	0	9999	508398	0.860783870324264	673006836550		
6	2023-02-04	№ 162н	0	0	9999	453348	0.860361381745107	775н		
8	2023-02-05	срок платы с выплаты прочих доходов (4800)	0	0	9999	511064	0.860165081187403	сроки выплаты заработной платы		
9	2023-02-03	3.2.3. размер убытка от уступки права требования, которая была произведена третьему лицу	0	0	9999	453463	0.86006694308539	деньги поступили от заказчика при усн от третьего лица по договору уступки прав требовани		
6	2023-02-05	код 503	0	0	9999	442975	0.859497317104856	код тн-вэд		
8	2023-02-03	пожертвования ст. 251	0	0	9999	456914	0.85917752656185	ст. 431 нк рф, ст. 22 закона n 125-фз		
9	2023-02-03	уфк по г. москве (отделение фонда пенсионного и социального страхования российской федерации по г. москве и московской области л/с 04734ф73010)	0	0	9999	454225	0.858930319705083	, платежи по алиментам с 01.01.2023, которые перечисляются судебным приставам красноярского края, в какое казначейство должны перечисляться (уфк по тульской области или уфк по красноярскому краю)		
9	2023-02-03	дебет 26 кредит 60 (затраты по договору фулфилмента	0	0	9999	483982	0.858290479423174	строке 5401 пояснений в графе оборот запасов между их группами (видами) указывайте разницу по проводкам дебет 10 кредит 20 (23,28,29,41,43) и дебет 20 (23,25,26,28,29,44,97) кредит 10.		
9	2023-02-04	письмо минфина рф от 21.01.2019 n 03-15-05/2694	0	0	9999	434434	0.858093014429409	постановление правительства рф от 14.02.2017 n 181		
188	2023-02-04	счет 97.11 как закрывается	0	0	9999	39896	0.857828668645565	товары в пути как закрывается счет 45		
220	2023-02-05	письмо 03-07-14/121306 от 09.12.2022	0	0	9999	435386	0.857171735809154	письмо правительства 407 от 25.03.2022		
9	2023-02-03	приказ минэкономразвития 921	0	0	9999	425477	0.855907746834898	632 приказ минтруда		
8	2023-02-03	административный регламент исполнения федеральной миграционной службы приложение № 5 форма 5-а	0	0	9999	435525	0.855826900800626	приказ федеральной службы государственной статистики от 23 января 2020 г. n 22 об утверждении указаний по заполнению формы федерального статистического наблюдения n пм сведения об основных		
9	2023-02-03	срочно! возможно сегодня? в понедельник не актуально.... оквэд на основной - 43.99.9 работы строительные специализированные, не включенные в другие группировки , какие близкие к данному оквэду хотим	0	0	9999	454608	0.855510918839898	как важно указать правильно основной оквэд		
9	2023-02-03	минфин письмо 03-03-06/1/123192 15.12.2022	0	0	9999	472619	0.854971878459442	письмо минфина криптовалюта		
6	2023-02-04	п. 2 постановления № 922	0	0	9999	470125	0.854952317809524	договора по п. 4 ст. 93 применяется ли 1042 от 30.08.2019 постановление		
220	2023-02-05	ставка налога на прибыль в соответствии с п. 1.16 ст. 284 как заполнить офр в связи с изменениями ставки	0	0	9999	441224	0.854889467482816	пояснения по 0 ставке налога на прибыль		
8	2023-02-03	министерство транспорта российской федерации распоряжение ред от 30.09.2021	0	0	9999	453348	0.854883083918623	приказ министерства труда и социальной защиты российской федерации от 29.10.2021 № 775н		
9	2023-02-04	как начислить резерв по судебным искам от поставщиков с вероятностью взыскания 70%	0	0	9999	457028	0.854854462091242	по решению суда приставы взыскали ущерб как отразить в учете		
6	2023-02-04	учет заработной платы и кадров 2023 + 1с зуп 8.3	0	0	9999	405885	0.854816951754471	настройка учетной политики для 1с8.3 2021 года		
9	2023-02-03	письмо № ед-4-20/15240@ от 6 августа 2018	0	0	9999	1058	0.854426942345269	письмо от 9 июля 2020 г. № 29-1-1-оэ/10561		
6	2023-02-05	приказ № 209н последняя редакция	0	0	9999	453348	0.853585636347974	приказ минтруда россии от 29/ 10/ 2021 № 775н		
6	2023-02-05	отчет по труду форма 1-т труд бланк 2023	0	0	9999	478738	0.853346537404749	форма Бланк отчета пэк за 2022 год по экологии		
9	2023-02-03	1151162	0	0	9999	497187	0.853310309111046	1150129		
9	2023-02-05	66н от 02.07.2010	0	0	9999	453349	0.85323690435535	от 26.04.2012 № 406н		
6	2023-02-04	№ 52н	0	0	9999	453348	0.852713932357754	775н		
9	2023-02-03	письмо роструда от 08.09.2006	0	0	9999	463272	0.852529485655369	письмо минтруда от 15.03.22 № 15-2/10/в-3156		
220	2023-02-05	n 03-03-06/1/22577	0	0	9999	428298	0.852521470989272	n 402-фз		
9	2023-02-03	0601016	0	0	9999	435525	0.852465551282735	пм 0601013		
9	2023-02-03	приказ ммв-7-20/229@	0	0	9999	425477	0.852316269021352	632 приказ		
8	2023-02-05	постановление госстроя россии от 23.12.2003 n 213	0	0	9999	483510	0.851699111516245	правительство российской федерации постановление от 22 сентября 2022 г. n 1677		
6	2023-02-04	№ 256н	0	0	9999	425477	0.850350896680201	632н		
9	2023-02-03	09.11.2022 года № бс-4-11/15099	0	0	9999	496887	0.850265073402007	№ 263-фз от 14.07.2022 года		
9	2023-02-04	кнд 1165180. заявление о представлении	0	0	9999	487292	0.849891780535175	кнд 1150010 заявление на получения патента		
6	2023-02-04	в соответствии со статьей 6 федерального закона № 115-фз следующие операции с денежными средствами или иным имуществом подлежат обязательному контролю	0	0	9999	432024	0.847726339046108	федеральный закон от 26.03.2022 n 67-фз о внесении изменений в части первую и вторую налогового кодекса российской федерации и статью 2 федерального закона о внесении изменений в часть вторую		
9	2023-02-03	счет 76.07.1	0	0	9999	46917	0.847535892852904	план счетов счет 83		
9	2023-02-03	приказ ед-7-11/878@	0	0	9999	425477	0.847525437269956	приказ 632н от 21.09.2021		
8	2023-02-03	формы отчетности о финансово-экономическом состоянии товаропроизводителей агропромышленного комплекса за 2022 г. 13.07.2021 № 465	0	0	9999	442824	0.845902874655903	налоговая нагрузка в пищевой промышленности в 3 кв 2022 г		
6	2023-02-04	приказ № ам-23-р от 14.03.2008	0	0	9999	415795	0.845402652163456	приказ минтранса от 14.03.2008 по расходу топлива		
220	2023-02-04	письмо минфина от 23 мая 2018 n 03-04-05/34737	0	0	9999	469856	0.844709362388258	опросный лист для налоговой письмо от 31 июля 2012 года n 16-03/069083@		
6	2023-02-04	№ 255н	0	0	9999	453348	0.844256949859993	775н		
9	2023-02-05	письме минфина россии от 27 октября 2011 № 03-04-06/8-289.	0	0	9999	428298	0.844200919820174	информация минфина россии n пз-10/2012 о вступлении в силу с 1 января 2013 г. федерального закона от 6 декабря 2011 г. n 402-фз о бухгалтерском учете		
6	2023-02-05	отчет по труду форма 1-т труд	0	0	9999	435525	0.843994251389629	фонд оплаты труда в форме пм		
9	2023-02-04	письмо от 20.01.2023 № 03-11-09/4254	0	0	9999	463272	0.84324409783629	письмо минтруда от 15.03.22 № 15-2/10/в-3156		
6	2023-02-04	№ 257н	0	0	9999	425477	0.842907663742212	632н		
9	2023-02-03	приказ минфина от 22.11.2022	0	0	9999	431653	0.840860448283737	приказ минтруда 806 от 18.11.2021		
9	2023-02-03	сд-4-18/17916	0	0	9999	478805	0.838915276325652	письмо от 10.03.2021 № бв-4-7/3060@- далее письмо фнс налоговые оговорки		
8	2023-02-05	приказ росстроя от 24.05.2006 n ск-1976/02	0	0	9999	425477	0.837774152549768	приказ минтруда россии от 15.09.2021 n 632н		
9	2023-02-05	указание банка россии от 11.03.2014 № 3210-	0	0	9999	434434	0.837400361622093	инструкция банка россии от 16.08.2017 № 181-и		
8	2023-02-05	областной закон 204-25 оз архангельская область	0	0	9999	500554	0.835461276510147	областной закон ленинградской области о транспортном налоге		
9	2023-02-03	1650368146	0	0	9999	483353	0.834847599714463	1677		
9	2023-02-03	1-торг	0	0	9999	423606	0.834534205527323	торг 12 и ттн формы		
188	2023-02-05	код вида тс 51004	0	0	9999	10574	0.834452645021132	договор то тс		
8	2023-02-04	платежная ведомость т-53	0	0	9999	497313	0.833688845878545	срок хранения платежных ведомостей		
9	2023-02-04	гост р 70360-2022. национальный стандарт российской федерации. метрополитены. верификация закупленной продукции	0	0	9999	476782	0.831778364333371	система сертификации гост р		
220	2023-02-05	письма минфина от 09.02.2021 № 03-11-11/8265, от 08.12.2020 № 03-11-11/107053 и от 23.11.2020 № 03-11-11/102130). закон тульской области от 25.02.2021 № 8-зто об установлении размеров потенциально	0	0	9999	464193	0.831428867833075	коммерческая осмотрительность письме фнс россии от 10.03.2021 г. № бв-4-7/3060@).		
9	2023-02-03	ед-7-11/878@	0	0	9999	486955	0.830563155184252	код на подарки в 6-ндфл в отчете за 2021 год приказ фнс от 28.09.2021 г № ед-7-11/844		
6	2023-02-04	правил хранения документов, утв. приказом минкультуры от 31.03.2015 n 526	0	0	9999	453348	0.83026195852891	приказ минтруда россии от 28.10.2021 n 765н об утверждении типовых форм документов, необходимых для проведения государственной экспертизы условий труда		
220	2023-02-04	от 27 ноября 2003 года № 109-з	0	0	9999	426559	0.830135106449231	5 ноября 2021 г		
8	2023-02-03	кадастр отходов если 0.15тонн	0	0	9999	478741	0.828490777632153	отчет кадастр отходов и потребления		
9	2023-02-03	зг-3-11/125@	0	0	9999	506978	0.827716963084716	3ндфл приказ фнс от 03.10.2018 г. № ммв-7-11/569		
9	2023-02-03	когда закрывается 63 счет	0	0	9999	499703	0.827634612643442	при реформации баланса не закрывается счет 90.09		
220	2023-02-05	полная норма в январе составляет 136 часов.	0	0	9999	1058	0.827398141670915	1 июля 2020-уменьшает норму рабочего времени		
6	2023-02-04	бух баланс счет 59 кооперативы	0	0	9999	425614	0.827383197631966	бух баланс		
9	2023-02-04	форма 1-тариф (авто)	0	0	9999	434970	0.827229733596603	форма заказ- наряд на ремонт авто		
9	2023-02-04	постановление минпромторга 334	0	0	9999	483353	0.826253676692946	постановление правительства 28.03.22 490		
188	2023-02-05	код вида тс 51000	0	0	9999	9561	0.825547509797544	договор продажи тс		
9	2023-02-05	указание банка россии от 11.03.2014 № 3210-у	0	0	9999	434434	0.825368114165381	инструкция банка россии от 16.08.2017 № 181-и		
6	2023-02-04	приказ фас россии от 09.09.2020 n 820/20	0	0	9999	425477	0.824517950005601	приказ минтруда россии от 15.09.2021 n 632н		
188	2023-02-04	http://link.mail.mailaction360.ru/уьфшддштл/18064584,	0	0	9999	19211	0.824463826671105	Net Profit Margin		
8	2023-02-05	приказ росстата № 462 от 30.07.2021	0	0	9999	425477	0.823895915061413	приказ минтруда № 632н от 05.07.2021		
9	2023-02-03	https://vip.1gl.ru/#/document/118/118534/0c443d15-90bc-4dce-ивви-f5a4675ffc0b/ltc/?utm source	0	0	9999	419788	0.822845734888547	оплата отпуска d b.не 2021		
6	2023-02-04	утвержденного приказом минкультуры от 25.08.2010 № 558	0	0	9999	425477	0.822824697136405	приказ минтруда № 632 от 15.09.21		
9	2023-02-05	статья 219	0	0	9999	421063	0.822534831237202	статья 54		
9	2023-02-03	легковые фургоны для формы 1-тр	0	0	9999	423606	0.821261028913413	заполнение ттн формы 1-т		
9	2023-02-05	21-01-09/92156	0	0	9999	463272	0.821169266771442	письмо минтруда от 15.03.22 № 15-2/10/в-3156		
9	2023-02-05	повышающий коэффициент постановление № 354	0	0	9999	454194	0.820684136043537	районный коэффициент постановление		
9	2023-02-05	по какой цене проводка д45 к43	0	0	9999	10293	0.819995814894511	проводки д60к76.02 расчеты по претензиям		
220	2023-02-04	право на льготу с кодом 2012500	0	0	9999	504984	0.818047217676024	код льготы по ндс при пожертвовании		
9	2023-02-05	как перевести тмц с сч.08 на сч.10	0	0	9999	486806	0.816759152800839	инвентаризация сч 08		
8	2023-02-04	перечень типовых управленческих документов 558	0	0	9999	465548	0.814221874580501	авансовые отчеты перечень документов		
6	2023-02-05	приказ росстата от 29.07.2022 № 533 об утверждении	0	0	9999	463272	0.812299854663195	проект приказа минтруда о приостановлении действия приказа 772н от 29.10.2021		
8	2023-02-03	разъяснения минфина от 18.01.2022 № 0704-09/2185	0	0	9999	463272	0.812186210336076	письмо минтруда от 15.03.22 № 15-2/10/в-3156		
9	2023-02-03	134/118	0	0	9999	517232	0.811119255146511	86/413176		
8	2023-02-03	13.07.2021 № 465	0	0	9999	425477	0.806468869816615	от 15.09.2021 № 632		
220	2023-02-05	когда надо делать проводку по дебет 007	0	0	9999	440550	0.805818387648107	подскажите, как оформить переходный период учета возвратной тары с сч. 10,4 и 76,6 на забалансовый 012. у поставщика передача была оформлена дт 76.06 кт 10.4, зависла сумма по дт 76.06. (залог не		
8	2023-02-03	форма 3-1 сведения полученные в результате учета объема забора воды	0	0	9999	435525	0.805398528087498	форма № пм. сведения об основных показателях деятельности малого предприятия как заполнить		
6	2023-02-05	списание счета 09 и 77 за 2022г.	0	0	9999	516450	0.804592223980539	выплаты больничных за счет предприятия в 2022 г		
9	2023-02-03	14 счет критерий - 185 дней	0	0	9999	464139	0.804499214953763	отпуск за свой счет более 14 дней как рассчитать период		
9	2023-02-03	от 28.12.2022 № 3г-3-11/14974	0	0	9999	487795	0.803618674764807	от 07.10.2022 № 376-фз		
8	2023-02-05	лицевой счет т-54	0	0	9999	464733	0.802691832439695	счет инвойс		
9	2023-02-03	03-03-10/126074 от 22.12.2022	0	0	9999	483353	0.80242727134394	постановление № 1677 от 22.09.2022		
9	2023-02-03	1-натура	0	0	9999	435525	0.801885795863347	пм натура		
220	2023-02-05	ед-7/15/645	0	0	9999	506978	0.801508465590908	3ндфл приказ фнс от 03.10.2018 г. № ммв-7-11/569		
8	2023-02-03	постановление правительства ро от 02.02.2017 г. № 50	0	0	9999	463043	0.80102789747212	положение ро обучению в организации 2022 год		
220	2023-02-05	1-ип автогруз	0	0	9999	487304	0.797619374291171	форма 26,5,1 заявление патент услуги грузового автотранспорта		
9	2023-02-03	минфин письмо 03-03-06/1/123192 15.12.2022 дмс	0	0	9999	506661	0.796364802073006	спецодежда письмо минфин		
6	2023-02-05	1-кфх	0	0	9999	423606	0.792933697396119	ттн 1-т		
220	2023-02-04	сальдо по налогам на 31.12.2022	0	0	9999	515328	0.792621449639689	нужно ли включать в уведомление енп в январе месяце 2023 года налог по ндс и налог на прибыль		
6	2023-02-04	14) письмо фас от 26.02.2016 № ак/11825/16	0	0	9999	491514	0.790085489036407	уведомление фас		
9	2023-02-03	тип платежа 108 строка	0	0	9999	500310	0.788691740314083	баланс обеспечительный платеж строка		
9	2023-02-03	с-09-3-1	0	0	9999	506978	0.78846595316984	3ндфл приказ фнс от 03.10.2018 г. № ммв-7-11/569		
9	2023-02-04	приказ на оприходование лома мх-14	0	0	9999	494087	0.78764437445662	приказ о оприходовании излишков инвентаризации		
8	2023-02-03	902-пп о размещении информационных конструкций в городе москве	0	0	9999	464071	0.78656479411118	закон города москвы о торговом сборе		
188	2023-02-04	97.11 как закрывается	0	0	9999	507214	0.786041771236772	как закрывать общехозяйственные расходы, если не было реализации		
9	2023-02-03	о связи № 126-фз 07.07.2023	0	0	9999	487795	0.785830278688028	от 07.10.2022 № 376-фз		
9	2023-02-03	р-54/2014-кпр учет бюджетных инвестиций, полученных в период реорганизации фгуп в оао	0	0	9999	507214	0.785356578782235	главный бухгалтер ооо апельсин, составляя учетную политику по бухгалтерскому учету на 2021 год, включил в порядок распределения общепроизводственных расходов (опр.) следующий пункт: затраты		
9	2023-02-03	применение счета 69.09	0	0	9999	416024	0.784984175790842	применение счета 97 расходы будущих периодов		
9	2023-02-05	приказе росархива от 20.12.2019 № 236	0	0	9999	425477	0.782912451325978	приказ 632н от 21.09.2021		
9	2023-02-03	решение совета евразийской экономической комиссии от 09.10.2013 n 68	0	0	9999	516691	0.781689344217702	письмо департамента налоговой и таможенно-тарифной политики минфина рф от 16 марта 2006 г. n 03-03-04/2/77 о документальном подтверждении расходов, связанных с содержанием автомобилей, используемых в		
9	2023-02-03	ед-7-21/646@	0	0	9999	506978	0.781257965308984	приказ фнс от 15.10.2022 3-ндфл		
220	2023-02-05	сальдо расчетов 68 69	0	0	9999	497766	0.778982799227056	корректировка сальдо 68 ндс		
9	2023-02-05	106-фз проценты	0	0	9999	479038	0.777996424018422	займ от учредителя начисляем проценты проценты		
220	2023-02-04	21.12.2020 № 158-з	0	0	9999	425477	0.777461265989019	постановление 632н от 15.09.2021		
8	2023-02-05	сбц инженерные изыскания для строительства. инженерно-геодезические изыскания. 2004	0	0	9999	436069	0.777435826828202	должностная инструкция инженера капитального строительства		
9	2023-02-03	13890 22 %	0	0	9999	435386	0.776682211057101	407 пп от 22 марта 2022		
8	2023-02-05	приказ росстата 29.07.2022	0	0	9999	517063	0.772352597767325	приказ от росстата об индексации зарплаты		
9	2023-02-03	о связи № 126-фз 07.07.2003	0	0	9999	453355	0.771773037576071	федеральный закон от 28.12.2003 № 426-фз ред. от 13.07.2015 г.		
8	2023-02-03	сд-4-3/1023@ от 31.01.2023	0	0	9999	506978	0.770276417067316	3ндфл приказ фнс от 03.10.2018 г. № ммв-7-11/569		
9	2023-02-03	181/и от 31.05.2022	0	0	9999	444199	0.769490404823687	776 от 29.04.2022		
9	2023-02-03	12.02.2021 № 07-01-09/9672	0	0	9999	453349	0.768634809804868	приказ минтруда 406н от 17.06.2021 1464 от 1.09.2021		
8	2023-02-04	1120.9	0	0	9999	461275	0.768000142269913	1150058		
9	2023-02-03	использование 46 счета	0	0	9999	430235	0.766301915215861	учет материалов с использованием счета 15		
9	2023-02-03	06.05.2009 № 26 дагестан	0	0	9999	504460	0.766240402209552	закон республики башкортостан от 29 июня 2020 г. n 285-з о применении на территории республики башкортостан инвестиционного налогового вычета по налогу на прибыль организаций		
8	2023-02-04	3070-у	0	0	9999	434434	0.765041793997492	инструкция цб рф от 16.08.2017 № 181-и		
8	2023-02-05	областной закон 204-25 оз	0	0	9999	500554	0.763147274524385	областной закон ленинградской области о транспортном налоге		
8	2023-02-03	закон ур от 29.11.2017 № 66-рз	0	0	9999	485001	0.762726483710631	федерального закона от 27.11.2018 № 422-фз.		
9	2023-02-04	https://www.26-2.ru/art/356995-щикфяеын-здфеуотнр-зщкгсрутшн-po-тфдщпфь-i-vznosam-v-2023-godu	0	0	9999	19216	0.761569881574006	RONA		
8	2023-02-04	3073-у	0	0	9999	434434	0.759963300170748	инструкция цб рф от 16.08.2017 № 181-и		
8	2023-02-03	ед-7-8/1047@	0	0	9999	506978	0.759739546823356	приказ фнс от 15.10.2022 3-ндфл		
9	2023-02-03	ед-7-8/1133@	0	0	9999	506978	0.758246868504192	приказ фнс от 15.10.2022 3-ндфл		
9	2023-02-03	39-ф	0	0	9999	508398	0.755808333667591	10124310-40110176		
9	2023-02-05	перечнем № 558	0	0	9999	483353	0.75536182056769	перечень должностей бронирование № 665 от 03.02.2015		
9	2023-02-03	15-15/7710-14924л	0	0	9999	441215	0.755059106171785	пояснения\я по убыткам		
9	2023-02-05	03-07-13/1/51100	0	0	9999	463272	0.754271427293067	письмо минтруда от 15.03.22 № 15-2/10/в-3156		
220	2023-02-04	№ 109-з	0	0	9999	504460	0.753193175735596	закон республики башкортостан от 29 июня 2020 г. n 285-з о применении на территории республики башкортостан инвестиционного налогового вычета по налогу на прибыль организаций		
9	2023-02-03	06/05/2009 № 26	0	0	9999	419859	0.751702180667146	представительские расходы проводки 91 или 26		
9	2023-02-03	07-04-09/78875	0	0	9999	433357	0.751043292460895	пункт 16 пбу 10/99 и рекомендации фонда нрбу бмц от 22.05.2015 № р-62/2015-кпр.		
9	2023-02-04	от 25.11.2019 № вд-4-1/24013@	0	0	9999	485001	0.74688879053813	422-фз от 27.11.2018		
220	2023-02-04	245 31	0	0	9999	501506	0.74147108748638	31 декабря		
6	2023-02-05	0510431	0	0	9999	508398	0.734181412299916	05059990014710611		
9	2023-02-03	176.1	0	0	9999	500591	0.721203838682793	возмещение ндс 159 нк		
9	2023-02-04	220.25.11.23.140	0	0	9999	454608	0.715510041515751	расшифровка оквэда 51.14		
9	2023-02-03	фз-306	0	0	9999	508398	0.714824579772714	673006836550		
9	2023-02-04	03-03-05/251	0	0	9999	463272	0.714698088035898	письмо минтруда от 15.03.22 № 15-2/10/в-3156		
9	2023-02-03	о связи № 126-фз	0	0	9999	407514	0.714556995806734	приказ связи с пандемией		
6	2023-02-04	№ 3210-у	0	0	9999	434434	0.705675487111319	инструкции цб от 16.08.2017 № 181-и.		
9	2023-02-03	правила 124	0	0	9999	421932	0.694032960598485	28 календарных дней отпуска, правила использования		
9	2023-02-03	225	0	0	434577	425096	0.642081673012676	226		
9	2023-02-05		0	0	9999	33919	0	система госзакупки		
